id,area,severity,finding,evidence,proposed fix,estimated effort
G11,Data: WQP / cycles,major,"Status: open. Water Quality Portal data were never retrieved, so every cycles-of-concentration input is a literature value. ECHO silica is reported by 0 of 258 retained permittees and chloride by 14.","results/wqp_status.json, committed copy: ProxyError on www.waterqualitydata.us (403 tunnel). Clean rebuild: 'offline and no cached file .../data/raw/wqp/station_NJ0020184.csv'; 'cycles: 19 plants; binding {phosphate: 14, lsi: 4, chloride: 1}'. data/raw has no wqp directory and the MANIFEST has no WQP rows. My recount of wwtp_majors.csv: silica_mg_l non-null 0, chloride_mg_l non-null 14.","Fetch WQP from an allowed network, cache it under data/raw/wqp with MANIFEST rows, and rerun cycles. Until then, label the cycles section and figure 'literature-assumed makeup quality' in the caption and the brief, not only in results.md.",3 h (network permitting)
N02,Data: ECHO chemistry,major,"New. Effluent chemistry is dropped for every Delaware permittee because chem_medians() accepts only the MO AVG statistic. Delaware permits report DAILY AV, the same case monthly_flow() already handles. All 9 retained DE plants therefore have no chemistry, although Wilmington (DE0020320) reports 36 monthly TSS and CBOD5 values.","src/reuse_ready/echo.py chem_medians(): statistical_base_short_desc == 'MO AVG' only; monthly_flow() falls back to 'DAILY AV'. data/raw/echo/dmr/DE0020320.csv: parameter 00530 DAILY AV mg/L 36 rows, median 13 mg/L; 80082 DAILY AV 36 rows. wwtp_majors.csv: DE any-chemistry count 0 of 9; NJ 77 of 82, PA 125 of 133, NY 31 of 34.","Apply the same DAILY AV fallback in chem_medians(), add a test on the DE0020320 fixture, and rerun echo and cycles.",1 h
G09,Citations,major,"Status: partly resolved. 35 of 47 bib URLs returned HTTP 200 on the first pass. reuse_ready_model is still a placeholder (https://github.com/). limerick_cu_hearings_2026 is marked 'Verified: yes' but the limerickpa.org domain now returns 404 for every path, including /. Three OSTI entries failed intermittently with SSL errors (vidic_2009 later loaded). amazon_falls_campus_2026, alduchov_1996 and limerick_laurel_chestnuthill_2026 return 403 to scripted clients. usgs_nwis returned 503 (transient). epa_echo loops through redirects. stull_2011 and mytton_2021 are not checkable here (sandbox proxy).","Live check 2026-09-25, stored in the workspace as url_live_check.csv. Figures confirmed on live pages: 4.4 million (falls_keystone), 0.27 and 0.30 (Microsoft), 0.19 (Meta), 7,787 (Google), 18/3/3 of 24 (Khalil p.22), 753 acres (WFMZ), December 2024 and June 2025 (DRBC drought page). Quoted passages were found on 16 of the pages that loaded. Not confirmable on the landing page: geiger_1993 1060 ppm (in the PDF only) and cleanview 178 MW (already marked unverified). trackdatacenters.com renders by JavaScript, so its counts cannot be checked by fetch.",Set the repository URL for reuse_ready_model once git exists. Replace limerickpa.org with a Wayback capture or mark the entry unverified. Add Wayback captures for the 403 pages and a DOI landing check that accepts 403 from the AMS as 'publisher blocks bots'.,2 h
G10,Sites: source URLs,major,"Status: partly resolved. 21 of 24 active-site source URLs return 200. DRB07 (scottkompa.com) returns 403 and is marked unverified. DRB33's replacement source (limerickpa.org) is now 404 across the domain, so the Linfield site rests on a dead link. DRB27 (poconorecord.com) newly returns 406.","Live check as above. planned_sites.csv: DRB33 url_check 'resolves_via_replacement' (alternate_outlet), source_verified False. DRB27 url_check 'resolves', http 200 at build time, 406 now.",Add Wayback captures for DRB27 and DRB33 and record them in source_url_overrides.csv. Keep DRB07 and DRB33 unverified until a capture is opened.,1 h
G08,Results provenance,major,"Status: partly resolved. results.md now contains every item the first audit asked for: the DMR caveat, the near-miss footnote, DRBC's 18/3/3, location counts, the sensitivity table and the 253 MW WUE. tests/test_results_md.py checks that computed phrases appear in it. It is still hand-written and survives make clean (KEEP_RESULTS), so only the numbers the test enumerates are guarded.","Makefile: KEEP_RESULTS = results.md pending_approvals.md brief_numbers.md. test_numbers_match_results() covers 7Q10, days per year and p25 share phrases; supply bins, Monte Carlo counts and cycles numbers are not in expected_phrases().","Generate results.md from a template filled from the JSON outputs, or extend expected_phrases() to every number in the Summary and Deliverable sections.",4 h
G02,Figures: fonts,minor,"Status: partly resolved. All rebuilt PDFs embed only Helvetica, Helvetica-Bold, Helvetica-Oblique and ArialNarrow, and the font test passes. The Inter TTFs that work-order item 6 said to delete are still in assets/fonts. NOTICE.md and README line 125 still describe Inter as the registered figure font.","assets/fonts: Inter-Bold.ttf, Inter-Italic.ttf, Inter-Medium.ttf, Inter-Regular.ttf, Inter-SemiBold.ttf, Inter-LICENSE.txt. README.md line 125: 'assets/fonts/ Inter font files under the SIL Open Font License 1.1'. NOTICE.md line 7 still attributes Inter.",Delete the Inter files and NOTICE entry and update the README tree.,0.25 h
N11,Reproducibility: fonts,minor,"New. Figure typography depends on the host OS. Helvetica resolves to /System/Library/Fonts/Helvetica.ttc (macOS). On Linux register_fonts() falls back to Arial, Liberation Sans or DejaVu Sans. The test allows Liberation Sans, so a Linux clean clone would produce different figures and still pass.",styles.register_fonts resolution in this build: Helvetica=/System/Library/Fonts/Helvetica.ttc; Arial Narrow=/System/Library/Fonts/Supplemental/Arial Narrow.ttf. tests/test_fonts.py ALLOWED includes LiberationSans.,"State in the README that figures are byte-reproducible only on macOS, or vendor a metric-compatible open font (for example TeX Gyre Heros) and pin it.",1 h
N03,Reproducibility: raw drift,minor,"New. On a clean clone, fetch re-downloads raw files and silently records new hashes when upstream content has changed, so fetch --verify cannot detect drift. In this run 7 non-DMR files changed hash: the four Falls press pages, both DRBC pages and the USGS rdb. About 253 DMR hashes changed because of row order only (NJ0020923 is identical after sorting). Downstream outputs were unaffected apart from the last provisional gauge day.","build2.log line 8: 'fetch: 6 re-downloaded file(s) differ from the previously recorded SHA-256 (new hash recorded): [usgs/dv_01463500.rdb, drbc/datacenters.html, press/amazon_falls_campus_2026.html, press/falls_herald_2026.html, press/falls_keystone_2026.html, press/falls_levittown_2026.html]'. drbc/drbc-drought.html hash also changed but is not listed. Levittown row count 1581 to 1392. flow_daily 2026-09-24: 5460 to 5400 cfs. results/*.csv and *.json, figures/*.png and *_data.csv and wwtp_majors.csv are byte-identical.","Add a frozen mode (for example FETCH_FROZEN=1, used by make all) that fails on hash drift. Sort DMR rows before hashing. Archive the raw snapshot, or at least the press and DRBC pages, as a release asset.",2 h
G12,Reproducibility,minor,"Status: partly resolved. The live URL check is now a separate target (make urls) and environment.lock.yml exists. There is still no git history (a sandbox limitation, to be done by the user), so the CITATION.cff repository URL is unset.","Makefile targets outside all: urls, wqp, verify-manifest, env-lock. pending_approvals.md item 1.","The user runs git init, commits and tags, then sets the URLs in CITATION.cff and references.bib.",0.5 h
N01,Reproducibility: committed figures,minor,"New. The committed PDF and SVG files were not produced by make all under SOURCE_DATE_EPOCH, so they do not match a rebuild byte for byte. PNG and _data.csv files do match.",Committed SVG dc:date 2026-09-25T08:43:19.271875; rebuilt 2026-09-21T14:13:20+00:00 (SOURCE_DATE_EPOCH=1790000000). PDF CreationDate D:20260925085014-04'00' committed against D:20260921141320Z rebuilt. supply_screen_map.html differs only by a random map id.,"Regenerate the committed figures with make all before the first commit, and set a fixed folium map id.",0.25 h
G17,Citations,minor,"Status: partly resolved. Unused bib keys fell from 9 to 6, but the spec-named Mytton, Uptime, Google and Meta sources are still uncited. The latent heat of 2.43 MJ/kg is labelled 'engineering constant' without a source.","make docs unused_keys: google_env_2025, helvetica_font, meta_sustainability_2025, mytton_2021, nesquehoning_tnonline_2026, uptime_survey_2025. cooling_model.py docstring: 'L_v = 2.43 MJ/kg near 30 C [engineering constant]'.","Cite the Meta 0.19 and Google 7,787 Mgal figures in the WUE context paragraph, or drop the entries. Cite a steam table for L_v.",1 h
N04,Model: LBNL ranges,minor,"New. The Monte Carlo PUE range of 1.15 to 1.35 is LBNL's projected 2028 fleet-average range (report p. 47), not a per-facility range, and results.md cites it as p. 48. The WUE ranges match the digitized Figure 4.4 whiskers (1.722 to 2.772 and 0 to 1.558 L/kWh, p. 46) and the 0.36 L/kWh average is on p. 48, as cited.","data/raw/lbnl_2024.pdf text, p. 47: 'by 2028, the average PUE falls to between 1.15 and 1.35'. results/lbnl_fig44_digitized.csv PUE whiskers for large-scale systems span 1.010 to 1.347. results.md: 'Power usage effectiveness was drawn uniformly on 1.15 to 1.35 [shehabi_2024] (p. 48)'.",Correct the page to p. 47. Either describe the draw as a fleet-average projection or draw PUE from the Figure 4.4 per-system whiskers.,0.5 h
G20,Map palette,minor,"Status: partly resolved. The tested colour-vision set now contains only the four fill-encoded colours (minimum delta-E 12.0, half against water under deuteranopia). Open against outside (6.8) is exempted because a black line always separates them, which is defensible. The first-audit pair, water against the light-gray county line, was removed from testing, not fixed: it still measures 9.1 under protanopia and 10.6 under deuteranopia, against MIN_DELTA_E 10.","My simulation (colorspacious, severity 100, CAM02-UCS): water #AABFD1 against gray_light #C4C4C4, protan 9.13 and deutan 10.57; open against outside 6.83. styles.v2_cvd_check() tests only accent, half, open and water.","Darken county lines or keep them off water (clip to land), then add the pair to the tested set.",0.5 h
G19,Map (HTML),minor,"Status: partly resolved. v3 labels the Delaware and Schuylkill once each, the bar is 85 x 30 mm, and the detail insets have scale bars. The HTML map still uses Esri World Light Gray tiles.",figures/supply_screen_map.html contains arcgisonline and no CartoDB or Positron reference. README Figure 1 note cites [esri_light_gray].,"Switch the HTML map to a tile source with clear open terms, or keep Esri and confirm its terms in the license table.",0.5 h
G23,Build hygiene,minor,"Status: partly resolved. The build log is clean, but warnings are suppressed rather than fixed: the colorspacious SyntaxWarning filter and the fontTools logger set to ERROR. .DS_Store files are on disk (gitignored).","build.log and build2.log: no warn, error or traceback lines. Importing colorspacious outside the pipeline emits 'SyntaxWarning: invalid escape sequence' (seen in my kernel). data/.DS_Store and src/.DS_Store are present.","Keep the targeted filter, but document it in STANDARDS H as an accepted third-party warning. Delete the .DS_Store files before the first commit.",0.25 h
N05,Figures: stale versions,minor,"New. Superseded v1 and v2 figures are still built and shipped next to v3 and break STANDARDS G. supply_screen_bar.png has an in-image title, an orange palette and bracketed keys, and is 180 x 66 mm. supply_screen_map (v1) and v2 remain. table_blindspot.png is 330 mm wide with an in-image headline, a departure logged in pending_approvals.md.","Rebuilt figures/: supply_screen_bar.png with the title '22 of 24 planned sites have a municipal plant within 10 miles...'; widths: table_blindspot 330 mm, supply_screen_map 180x244, v2 180x228.","Move v1 and v2 outputs to figures/archive or stop building them, and confirm with the user whether the 330 mm table stays.",1 h
N06,Brief numbers,minor,"New. brief_numbers.md is 306 words, above the 300-word cap in Later message 4.",wc -w results/brief_numbers.md = 306.,Trim six words.,0.1 h
N07,Prose,minor,"New. The results.md caveat sentence 'Of 258 retained permittees, 39 report no flow, and 9 are in Delaware, including Wilmington at 63.3 million gal/day' reads as though Delaware plants lack flow. All 9 retained DE plants have 36 DMR flow months; the 39 without flow are 23 NY, 11 PA and 5 NJ. Five of the NY no-flow plants are in the basin (Liberty, Monticello, Port Jervis, South Fallsburg, Walton). They report only influent flow and are excluded under a reason that says 'no ... effluent flow'. I checked that none is closer to a site than the matched plant.","results.md line 81. exclusions.csv echo_no_dmr_flow: 39 rows (NY 23, PA 11, NJ 5). NY DMRs: flow code 50050 appears only at 'Raw Sewage Influent' (for example NY0026522 Port Jervis MO AVG).","Split the sentence. State that the 39 are effluent-flow gaps, not missing reports, and that NY plants report influent flow only.",0.25 h
N08,Data: orphan files,minor,"New. data/sites/planned_sites_research.csv (29 rows) and planned_sites_research_exclusions.csv (6 rows) are not read by any module or listed in exclusions.csv, and their site IDs (DRB-PA-01 and so on) do not match the pipeline IDs.","grep for planned_sites_research in src, the Makefile, README and results.md returns no matches.","Move both files to scratch, or document them as research notes in the README.",0.1 h
N09,Captions,minor,"New. Captions contain about 49 sentences with unkeyed numbers (the rule is in STANDARDS G). Examples: 'Dashed outlines mark the 10 sites ...' and 'Covered IT load does not depend on each site's own capacity, which 16 of 24 sites do not publish.' README line 125 is also flagged.","Grep of figures/*_caption.md: table_blindspot 10, v3_brief 10, v2 8, v3 8, v1 map 6, others 1 or 2.","Add [reuse_ready_model] or a results file reference to each numeric caption sentence, and add captions to test_prose_rules.",1 h
N10,Falls supplier capacity,minor,"New. The table footnote gives the Morrisville service-water allocation as 243 million gal/day (Levittown Now). The Bucks County Herald gives a capacity of 25 million gal/day, and the spec states 25 MGD. The brief shows one figure without the other.",data/raw/press/falls_levittown_2026.html: 'approved allocation of 243 million gallons per day but currently draws only 5.5 million'. falls_herald_2026.html: 'The facility has a capacity for 25 million gallons per day'.,"Give both figures, the allocation and the physical capacity, with keys.",0.25 h
N12,Table definitions,minor,"New. The '30-day avg, annual mean' column is the mean of calendar-year means of the trailing 30-day average, not the pooled mean. The two differ by about 0.4 percent: 100 MW hybrid 40,718 against 40,563 gal/d, shown as 40,700.","My recompute from calibration.json parameters: pooled mean 40,563; mean of annual means 40,718. The other cells matched to 3 significant figures (see AUDIT_v2 section 5).",Define the statistic in footnote 1.,0.1 h
N13,Reconciliation statement,minor,"New. results.md presents 19,000 gal/day as potable demand, which is correct under Message 12. It does not state that the original target (19,000 gal/day average against 4.4 MGD over 6 percent of hours) was infeasible, which is why the average was changed to 135,000. The 2 percent infeasibility is stated.","results.md paragraph 27: 'The separate potable demand of 19,000 gal/day is not used in the fit [falls_levittown_2026].'","Add one sentence: the spec's 19,000 gal/day average is incompatible with a 4.4 MGD peak on about 6 percent of hours, and the filing shows it is potable demand.",0.1 h
G01,Reproduction,blocker,"Status: resolved. A clean clone with data/raw emptied (except MANIFEST.md and the two tracker CSVs) and data/processed emptied (except the two URL CSVs) completed make clean && make all with exit 0 in 1058 s, and all 108 tests passed.","build2.log: 'fetch: inputs ok, isd ok (51.9 s), usgs ok, gis ok (599.5 s), boundary ok, echo ok (328.9 s), drbc ok, documents ok, basemap ok'; 'fetch --verify: all 357 MANIFEST rows present with matching SHA-256; no unrecorded raw files'; '108 passed in 4.75s'; 'real 1058.15'; EXIT=0.",None (see N03 for drift).,0
G03,Reproduction,blocker,Status: resolved. fetch --verify exits 1 on a missing file and on an unrecorded file.,"Removing lbnl_2024.pdf: 'fetch --verify: 1 failure(s) among 357 MANIFEST rows: lbnl_2024.pdf: missing', exit 1. Adding extra.txt: 'extra.txt: no MANIFEST row', exit 1.",None.,0
G04,Model,major,"Status: resolved. The peak-day reading is primary (22.4 C, gamma 0.429, 331 MW), the design-rate reading is a sensitivity (293 MW, 0.355), and results.md says the fit is exactly determined and is not validation.","calibration.json primary; results.md paragraph 27. My recompute reproduces avg 135,000, peak 4,400,000 and wet fraction 0.05944.",None.,0
G05,Data: ECHO,major,"Status: resolved. The design-flow fallback retains 9 DE permittees (0 before), with Wilmington DE0020320 (63.33 MGD), Kent County (11.89), Gloucester County UA (16.46) and Ewing-Lawrence (6.85), each with 36 DMR months. Exclusion reasons are split (6 null or no fallback; 52 at 1 MGD or less).","ECHO majors in DRB counties: DE 18, NJ 101, NY 45, PA 152 (316). Retained: 9, 82, 34, 133 (258). With DMR flow: 9, 77, 11, 122 (219). Accounting closes: 917 = 601 + 58 + 258. No plant in a DRB county with any ECHO flow field above 5 MGD is absent.",None (see N02 and N07).,0
G06,Table,major,Status: resolved. The 30-day-window days column counts trailing-window days above the trigger divided by valid window-years; the single-day column is labelled 'not the trigger test'.,"My recompute: 24.8, 56.8, 88.4 and 105.0 days per year at 50, 100, 200 and 400 MW, matching the table.",None.,0
G07,Supply screen,major,"Status: resolved. results.md states that the matchable count moves by 10 sites across the 50/100/200 MW assumption, against the two-site change the analysis was asked to flag.","supply_summary.json matchable_spread_max_minus_min 10; results.md Supply screen paragraph and sensitivity table 15/7/2, 7/15/2, 5/17/2.",None.,0
G13,Sites,minor,"Status: resolved. The state split of 17/4/3 is reported against DRBC's 18/3/3, and the unverified count of 10 is consistent across results.md, the captions, the bar, the map and the HTML.","planned_sites.csv active: PA 17, NJ 4, DE 3. Unverified 10 = 3 source (DRB07, DRB32, DRB33) + 8 location - 1 in both (DRB07). Bar data: 1 unverified over 200 MW and 9 at 50 to 200 MW.",None.,0
G14,Map,minor,"Status: resolved. The lowest bin reads 'No eligible plant within 10 mi' in the map key, bar, CSV and HTML.",supply_screen.csv covered_it_bin; v3 key; bar v2 legend.,None.,0
G15,Exclusions,minor,"Status: resolved. All 39 site drops have exclusion rows, and no record vanished at any stage.","ECHO 917 = 659 excluded + 258 retained. Sites 63 = 24 active + 39 excluded (11 inactive, 23 outside the basin on the near-miss list, 5 not data center records). Supply screen 258 - 180 eligible = 78 rows. Weather 2025 is excluded for both stations.",None (see N08).,0
G16,Prose,minor,"Status: resolved for results.md, README and brief_numbers. There are no em dashes, en dashes, exclamation marks or informal words, and every results.md sentence with a number carries a key (enforced by test_prose_rules).","My grep across results.md, README.md, brief_numbers.md and 15 caption files: 0 em dashes, 0 en dashes, 0 exclamation marks, 0 informal terms, 0 contractions (67 possessives only).",None (see N09).,0
G18,Flow,minor,"Status: resolved. The 7Q10 of 1,795 cfs includes 391 provisional days, and the approved-only sensitivity of 1,787 cfs is reported.","My independent LP3 (method of moments, climatic years April to March, complete years only): 1794.85 cfs from 113 years CY1914 to 2026; approved only 1787.34 cfs from 111 years. Both match flow_stats.json.",None.,0
G21,README,minor,"Status: resolved. The README is a technical appendix with findings, key numbers and a license table covering 11 sources, with 'terms not confirmed' where a terms page could not be opened.","README.md sections Findings, Key numbers, Methods, Licenses and data sources.",Update the assets/fonts line (see G02).,0
G22,Model,minor,"Status: resolved. The wet-2 percent WUE (0.0442 L/kWh) is computed from the achieved average, not the target.",calibration.json and wue output: wet_2pct_achieved_avg 0.0442.,None.,0
