site_id,site_name,developer,address,municipality,county,state,lat,lon,geocode_precision,geocode_query,capacity_mw,status,source_url,source_title,source_publisher,source_date,second_source_url,verified,verification_note,in_drb
DRB-PA-01,"Amazon Web Services data center campus, Keystone Trade Center",Amazon Data Services / NorthPoint Development,1 Ben Fairless Drive & 700 S. Port Road (Keystone Trade Center),Falls Township,Bucks,PA,40.1549684,-74.7468583,named_place,"Keystone Trade Center, Falls Township, PA",,under construction (more than half built per WHYY Jul 2026),https://www.fallstwp.com/resources/news/article/?id=10070,Amazon to Open Data Center at NorthPoint Development in Falls,Falls Township,2025-06-09,https://whyy.org/articles/amazon-data-center-bucks-county-pa-gas-generators-impact/,True,Township release names 1 Ben Fairless Dr (bldg 6) and 700 S. Port Rd; WHYY 2026-07-15: 250-acre complex under construction; also DRBC Thompson deck slide 31 and Pindar slide 34. MW not disclosed (see notes).,True
DRB-PA-02,900 Conshohocken Road data center (former Cleveland-Cliffs steel mill),MLP Ventures (Brian O'Neill),900 Conshohocken Road,Plymouth Township,Montgomery,PA,40.1026102,-75.3182849,street,"Conshohocken Road, Plymouth Township, Montgomery County, PA",,proposed; 2nd ZHB special-exception application (2026-04-28) plus validity challenge (2026-07-21); contested,https://www.plymouthtownship.org/departments/900-conshohocken-road-data-center-information/,900 Conshohocken Road Data Center Information,Plymouth Township,2026-08-05,https://montco.today/2026/05/conshohocken-data-center-fight-reignites/,True,"Township page lists ZHB application documents; montco.today 2026-05-05 confirms resubmission. Nominatim address match resolved to a different road (Conshohocken State Rd, Lower Merion), so street-level point used; DRBC Thompson SAN slide 22 pin is 40.085117,-75.3227566.",True
DRB-PA-03,West Rockhill Cathill Road data center (sketch plan),National Land Developers; Greener by Design,"215 Cathill Road, Sellersville",West Rockhill Township,Bucks,PA,40.35702,-75.3156313,address,"street=215 Cathill Road, state=Pennsylvania (structured)",,informal sketch plan (fall 2025); no formal application as of Apr 2026,https://keystonenewsroom.com/2026/04/14/west-rockhill-considers-these-new-data-center-regulations/,West Rockhill considers these new data center regulations,The Keystone,2026-04-14,https://bucksco.today/2026/05/data-centers-falls-township-west-rockhill-bucks-county/,True,Keystone names 215 Cathill Road; bucksco.today 2026-05-08 confirms Cathill Road sketch plan. Early-stage only.,True
DRB-PA-04,Project Atlas,"CDE Acquisitions, LLC (owner Jeras Corporation)","2493, 2807 and 2747 N. Cedar Crest Boulevard",South Whitehall Township,Lehigh,PA,40.6345423,-75.5415341,address,"street=2493 North Cedar Crest Boulevard, state=Pennsylvania (structured)",,"proposed; land development plan under review (410 acres, ~5.1M sq ft)",https://www.wfmz.com/news/area/lehighvalley/lehigh-county/allentown-area/plans-change-for-proposed-south-whitehall-data-center-here-s-what-s-on-the-table/article_5016b739-5f4e-497a-adfc-9c9811b8f980.html,Plans change for proposed South Whitehall data center; here’s what’s on the table now | Allentown Area | wfmz.com,WFMZ-TV 69 News,2026-05-26,https://www.wfmz.com/news/area/lehighvalley/lehigh-county/western-lehigh-county/plans-emerge-for-massive-new-data-center-campus-near-parkland-high-school/article_813c3592-8181-423a-a089-699018952712.html,True,WFMZ names parcels across from Parkland High School.,True
DRB-PA-05,Slate Belt Holdings hyperscale campus (Upper Mount Bethel),"Slate Belt Holdings, LLC (Talen Energy / River Pointe Logistics)",Between River Road and Potomac Street (former River Pointe / Portland Generating Station land),Upper Mount Bethel Township,Northampton,PA,40.890802,-75.0740462,street,"River Road, Upper Mount Bethel Township, PA",up to 2000,concept plan; developer validity challenge filed 2026-07-23; township ordinance adopted,https://www.wfmz.com/news/area/lehighvalley/northampton-county/slate-belt/keep-the-power-upper-mount-bethel-votes-in-favor-of-data-center-regulations/article_9b0ab14c-9880-459d-b5cd-6dedf66b9475.html,'Keep the power': Upper Mount Bethel votes in favor of data center regulations | Slate Belt Area | wfmz.com,WFMZ-TV 69 News,2026-09-22,https://www.wfmz.com/news/area/lehighvalley/northampton-county/slate-belt/making-their-case-developers-unveil-website-for-data-center-campus-with-23-buildings-in-umbt/article_3cbc6957-eb54-4e10-82e9-f43c9a3f0325.html,True,"753 acres, 23 buildings, 4.6M sq ft; WFMZ 2026-08-17: ""use up to ... 2 gigawatts""; DCD cites 480MW on-site substation.",True
DRB-PA-06,Lower Mount Bethel Technology Center,Peron Development; J.G. Petrucci Co.; Talen Energy,"Depues Ferry Road, south of Martins Creek Belvidere Highway (next to Martins Creek power plants)",Lower Mount Bethel Township,Northampton,PA,40.8023913,-75.1023334,street,"Depues Ferry Road, Lower Mount Bethel Township, PA",,proposed; map amendment (rezone ~239 acres) filed; revised Aug 2026; vote shelved 2026-08-17,https://www.wfmz.com/news/local_government/zoning_planning/lower-mount-bethel-township-data-center-proposal-revised-with-community-feedback-developers-say/article_6c8fa75b-f106-442f-93de-ece0db599be0.html,"Lower Mount Bethel Township data center proposal revised with community feedback, developers say | Zoning & Planning | wfmz.com",WFMZ-TV 69 News,2026-08-14,https://www.yahoo.com/news/us/articles/vote-clearing-way-major-data-163315653.html,True,WFMZ names Depues Ferry Road site; lehighvalleylive (via Yahoo) 2026-08-18 on shelved vote.,True
DRB-PA-07,Pennhurst data center,"Pennhurst Holdings DE, LLC","1205 Commonwealth Drive, Spring City (UPIs 21-1-92.7, 21-7-76 et al.)",East Vincent Township,Chester,PA,40.1922215,-75.5673706,address,"street=1205 Commonwealth Drive, state=Pennsylvania (structured)",,conditional use denied 2026-05-21; developer plans appeal to Chester County Court of Common Pleas,https://www.inquirer.com/news/pennsylvania/pennhurst-data-center-rejected-east-vincent-20260522.html,"Officials deny controversial 1.9 million square foot data center proposed for Pennhurst site, likely setting up a court battle",The Philadelphia Inquirer,2026-05-22,https://www.eastvincent.org/index.asp?SEC=015E8651-3650-4039-87BA-9B4C74591337&DE=66A36F14-8175-4B3D-8A4D-23727AFD8324,True,"1.9M sq ft on 125 acres; township CU page lists UPIs; DRBC Thompson decks list it. Denied but pending appeal, so kept as planned.",True
DRB-PA-08,East Whiteland data center (former Foote Mineral Superfund site),Sentinel Data Centers; Green Fig Land LLC,"Off Swedesford Road (former Foote Mineral site, near Malvern Hunt)",East Whiteland Township,Chester,PA,40.0423287,-75.5796493,street,"Swedesford Road, East Whiteland Township, PA",,approved/vested ~1M sq ft plan (2024); amendment to 1.6M sq ft under review,https://www.inquirer.com/news/pennsylvania/east-whiteland-chester-county-data-center-20260415.html,A controversial 1.6M-square-foot data center in Chesco could shrink after fierce pushback: ‘This is not an act of goodwill’,The Philadelphia Inquirer,2026-04-15,https://www.suburbanrealtorsalliance.com/news/2026/03/13/chester-county/proposal-to-upsize-data-center-heads-to-east-whiteland-supervisors/,True,Inquirer names the site; SRA digest confirms upsizing request.,True
DRB-PA-09,Project Laurel,"MCD 7, LLC","Tract bounded by Lightcap, Sanatoga, Evergreen and Possum Hollow Roads (TPN 37-00-04501-00-7 et al.)",Limerick Township,Montgomery,PA,40.2338544,-75.5650444,street,"Lightcap Road, Limerick Township, PA",750,"conditional use hearings (CU 26-05 Phase 1, CU 26-06 Phase 2)",https://www.wfmz.com/news/area/southeastern-pa/upper-montgomery-county/massive-new-ai-data-center-proposed-for-limerick-twp/article_27c4563f-3362-4fc1-bb0e-41951a55faf2.html,Massive new AI data center proposed for Limerick Twp. | Upper Montgomery County | wfmz.com,WFMZ-TV 69 News,2026-01-13,https://limerickpa.org/437/Conditional-Use-Hearings,True,"WFMZ: ""roughly 750 megawatts""; DCD: 750MW secured from PECO; township CU page gives ~191 acres, 8 buildings, parcel TPNs.",True
DRB-PA-10,Linfield data center (former Publicker Distillery),Limerick Town Center LLC,"1301 Main Street, Linfield",Limerick Township,Montgomery,PA,40.205697,-75.57558,address,"1301 Main Street, Linfield, PA",,conditional use application (CU 26-03),https://limerickpa.org/437/Conditional-Use-Hearings,Conditional Use Hearings,Limerick Township,,https://www.suburbanrealtorsalliance.com/news/2026/04/24/montgomery-county/data-center-application-filed-for-former-publicker-distillery-in-limerick/,True,"Township CU page: 8 buildings ~1.8M sq ft, 191 acres on Publicker/Continental Distilling site; SRA (Pottstown Mercury 2026-04-18) gives 1301 Main St. Patch says MCD7 received adjacent game-lands swap. Township page undated.",True
DRB-PA-11,Upper Merion MLP Ventures data center - Renaissance Boulevard cluster (4 submissions),MLP Ventures (Brian O'Neill),"2201, 2301, 2501, 2701 and 2901 Renaissance Boulevard, King of Prussia",Upper Merion Township,Montgomery,PA,40.0822454,-75.3441975,address,"2501 Renaissance Boulevard, King of Prussia, PA",,preliminary land development submission; planning commission 2026-05-27,https://patch.com/pennsylvania/norristown/massive-data-center-cluster-proposed-upper-merion,Massive Data Center Cluster Proposed In Upper Merion,Patch (Norristown),2026-05-18,https://montco.today/2026/06/upper-merion-data-center-proposals/,True,Patch names address (four-project cluster); Patch counts eight MLP projects total in Upper Merion (>4M sq ft).,True
DRB-PA-12,Upper Merion MLP Ventures data center - 3200 Horizon Drive,MLP Ventures (Brian O'Neill),"3200 Horizon Drive, King of Prussia",Upper Merion Township,Montgomery,PA,40.0895918,-75.3416158,street,"Horizon Drive, Upper Merion Township, PA",,preliminary land development submission; planning commission 2026-05-27,https://patch.com/pennsylvania/norristown/massive-data-center-cluster-proposed-upper-merion,Massive Data Center Cluster Proposed In Upper Merion,Patch (Norristown),2026-05-18,https://montco.today/2026/06/upper-merion-data-center-proposals/,True,"Patch names address (370,000 sq ft); Patch counts eight MLP projects total in Upper Merion (>4M sq ft).",True
DRB-PA-13,Upper Merion MLP Ventures data center - Innovation 511,MLP Ventures (Brian O'Neill),"411 Swedeland Road, King of Prussia",Upper Merion Township,Montgomery,PA,40.0765774,-75.334762,address,"street=411 Swedeland Road, state=Pennsylvania (structured)",,preliminary land development submission; planning commission 2026-05-27,https://patch.com/pennsylvania/norristown/massive-data-center-cluster-proposed-upper-merion,Massive Data Center Cluster Proposed In Upper Merion,Patch (Norristown),2026-05-18,https://montco.today/2026/06/upper-merion-data-center-proposals/,True,Patch names address (1.6M sq ft); Patch counts eight MLP projects total in Upper Merion (>4M sq ft).,True
DRB-PA-14,Upper Merion MLP Ventures data center - 600 River Road,MLP Ventures (Brian O'Neill),"600 River Road, King of Prussia",Upper Merion Township,Montgomery,PA,40.0848324,-75.3260865,street,"600 River Road, Upper Merion Township, PA",,preliminary land development submission; planning commission 2026-05-27,https://patch.com/pennsylvania/norristown/massive-data-center-cluster-proposed-upper-merion,Massive Data Center Cluster Proposed In Upper Merion,Patch (Norristown),2026-05-18,https://northpennnow.com/news/montgomery-county-developer-looks-to-state-for-data-center-guidance-1/,True,"Patch names address (450,000 sq ft); Patch counts eight MLP projects total in Upper Merion (>4M sq ft).",True
DRB-PA-15,Smithfield Gateway data center,DEPG Mosier Associates LP & DEPG of Shawnee II LP,"Smithfield Gateway, behind St. Luke's and Wawa (parcels 16.8.2.7 and 16.8.2.7-2)",Smithfield Township,Monroe,PA,41.0037223,-75.1466889,named_place,"Smithfield Gateway, Smithfield Township, PA",,"conditional use application (single 250,000 sq ft building); sketch plans for two buildings + substation",https://smithfieldtownship.com/odp/gatewaydc/,Smithfield Gateway Data Center – Conditional Use | Smithfield Township Municipal Center,Smithfield Township,,https://monroecountypa.com/news/what-we-know-about-smithfield-gateway-data-center-proposal,True,Township CU page names applicant and parcels; monroecountypa.com 2026-03-12.,True
DRB-PA-16,Pocono Manor data center,Pocono Manor Investors,Pocono Manor (Sullivan Trail area),Pocono / Tobyhanna Township (DRBC lists Tobyhanna),Monroe,PA,41.0996524,-75.3583585,named_place,"Pocono Manor Resort, PA",,"proposed hyperscale, 193-acre campus; data center ordinance for Pocono Manor voted Dec 2025",https://www.nj.gov/drbc/library/documents/Thompson_DataCenters.pdf,"Data Centers (DRBC WMAC presentation, slide 33)",Delaware River Basin Commission,2025-10-15,https://monroecountypa.com/news/tobyhanna-township-approves-second-data-center-zoning-overlay,True,"DRBC deck names Pocono Manor site with map pin 41.0813369,-75.3768196; monroecountypa 2025-12-16 notes ordinance vote. Township ambiguity (Nominatim places resort in Pocono Twp).",True
DRB-PA-17,Pennsylvania Glacial Till property data center,not named (attorney for developer),"Pennsylvania Glacial Till property, Caughbaugh Road off Route 115",Tobyhanna Township,Monroe,PA,41.1344565,-75.6184647,street,"Caughbaugh Road, Tobyhanna Township, PA",,data center overlay approved Dec 2025 on 520-acre site,https://monroecountypa.com/news/tobyhanna-township-approves-second-data-center-zoning-overlay,"Tobyhanna Township approves second data center zoning overlay | Monroe County, PA",monroecountypa.com (NEPA Media Group),2025-12-16,https://www.spotlightpa.org/news/2026/08/pocono-mountains-data-centers-pennsylvania-environment/,True,Named site on Caughbaugh Road next to Lehigh River; Spotlight PA/Inside Climate News 2026-08-05 describes ~530-acre parcel. Developer unnamed.,True
DRB-PA-18,Penn Forest data center campus (Route 903 / Maury Road),Mele Brothers Realty (Tim Hendricks under agreement),Route 903 and Maury Road,Penn Forest Township,Carbon,PA,40.8868738,-75.6800014,street,"Maury Road, Penn Forest Township, PA",,proposed; overlay ordinance adopted Mar 2026; developer zoning challenge,https://www.tnonline.com/20260304/penn-forest-oks-data-ordinance/,Penn Forest OKs data ordinance – Times News Online,Times News (Lehighton),2026-03-04,https://www.tnonline.com/20260306/opinion-carbon-county-at-crossroads-on-data-centers/,True,750 acres at Route 903 & Maury Road. source_date from URL path.,True
DRB-PA-19,Carbon Node East (Panther Creek) data center,"Carbon Node East Development, LLC (Keel Infrastructure / Bitfarms)","Panther Creek Energy facility, Dennison Road",Nesquehoning Borough,Carbon,PA,40.8592737,-75.8820764,street,"Dennison Road, Nesquehoning, PA",350 (expandable to 510),approved by borough planning/zoning; DEP NPDES permit hearing Aug 2026,https://www.wfmz.com/news/area/poconos-coal/carbon-county/public-meeting-to-be-held-thursday-on-data-center-proposal-in-carbon-county/article_246d8c60-4536-4460-a05c-b4f8b7fe86d8.html,Public meeting to be held Thursday on data center proposal in Carbon County | Carbon County Area | wfmz.com,WFMZ-TV 69 News,2026-08-18,https://www.tnonline.com/20260306/opinion-carbon-county-at-crossroads-on-data-centers/,True,"WFMZ: ""secured capacity of 350 megawatts (MW), with possible expansion to 510 MW"" (citing Keel website); 336 acres, 4 buildings.",True
DRB-PA-20,Gouldsboro / Clifton Township campus,1778 Rich Pike LLC & JCO LLC (Quantm Group partner),"North of Clifton Beach Road, either side of I-380",Clifton & Covington Townships,Lackawanna,PA,41.2386331,-75.525976,street,"Clifton Beach Road, Clifton Township, PA",1500,proposed; settlement of validity challenge considered Jan 2026,https://www.datacenterdynamics.com/en/news/15gw-data-center-campus-proposed-in-pennsylvania/,1.5GW data center campus proposed in Pennsylvania - DCD,DatacenterDynamics,,https://www.yahoo.com/news/articles/clifton-twp-consider-settlement-data-010300429.html,True,"DCD: 1.5GW, 1,000 acres, 35 buildings; DRBC Thompson slide 30 pin 41.2751528,-75.5268672; Times-Tribune 2026-01-01 settlement. Straddles DRB/Susquehanna divide - see in_drb.",True
DRB-PA-21,Titus Station AI data center campus,Titus Development Co.; Go Energy Group,Former Titus Station power plant (Route 422 / I-176),Cumru Township,Berks,PA,40.283867,-75.9371826,municipality,"Cumru Township, Berks County, Pennsylvania",,announced; no formal land development plan submitted (May 2026),https://www.wfmz.com/news/area/berks/reading-area/artificial-intelligence-data-center-proposed-for-former-titus-power-plant-site/article_c5a438ce-bbd0-4430-a24e-29c72dcbb23b.html,Artificial intelligence data center proposed for former Titus power plant site | Reading Area | wfmz.com,WFMZ-TV 69 News,2026-05-15,https://www.yahoo.com/news/articles/cumru-township-passes-berks-first-161700099.html,True,"Named site (former Titus Station); Nominatim could not resolve the plant, township centroid used - refine manually.",True
DRB-PA-22,Constellation data center near Route 724,Constellation Energy,Land near Route 724,East Coventry Township,Chester,PA,40.2021462,-75.6179558,municipality,"East Coventry Township, PA",,zoning amendment request; planning commission recommended rejection Dec 2025; current status unknown,https://www.suburbanrealtorsalliance.com/news/2025/12/19/chester-county/east-coventry-planners-reject-data-center-ordinance-change/,East Coventry planners reject data center ordinance change - SRA: Suburban Realtors Alliance,"Suburban Realtors Alliance (digest of Daily Local, 2025-12-12)",2025-12-19,https://www.datacenterdynamics.com/en/news/14-million-sq-ft-data-center-campus-planned-outside-philadelphia-pennsylvania/,False,"No specific parcel/address named (only ""Route 724""); digest source.",True
DRB-NJ-23,Earth Station 76,Energy Concepts (parent per DRBC),Along Route 130,Logan Township,Gloucester (DRBC deck says Salem),NJ,39.7947842,-75.348831,municipality,"Logan Township, Gloucester County, NJ",100-150,listed as proposed by DRBC (Apr 2026); township says no application received and introduced data center ban,https://www.nj.gov/drbc/library/documents/Pindar_DataCenters_NJWSAC041726.pdf,"Data Centers (DRBC NJWSAC presentation, slide 30)",Delaware River Basin Commission,2026-04-17,https://www.yahoo.com/news/articles/rumors-massive-ai-data-center-121539957.html,False,Only a road is named; NJ Advance (via Yahoo) 2026-04-13 reports officials received no proposal. Developer page nrg-concepts.com/earthstation76 returned 404.,True
DRB-NJ-24,Metrobloks PHL MB01 DC2,Metrobloks,"285 Swedesboro Avenue, Gibbstown",Greenwich Township,Gloucester,NJ,39.8202643,-75.2610926,address,"285 Swedesboro Road, Gibbstown, NJ",100,proposed (DRBC Apr 2026),https://www.nj.gov/drbc/library/documents/Pindar_DataCenters_NJWSAC041726.pdf,"Data Centers (DRBC NJWSAC presentation, slide 31)",Delaware River Basin Commission,2026-04-17,https://www.nj.gov/drbc/library/documents/Thompson_DataCenters.pdf,True,"DRBC deck names address, 100 MW, 12 acres; Nominatim matched ""Swedesboro Road"" 285 (DRBC pin 39.8186185,-75.2628846 ~0.3 km away). No press source opened (ocolo 403).",True
DRB-NJ-25,Data One Vineland Expansion (Phases 2-3),DataOne (for Nebius Group),805 Sheridan Avenue,Vineland,Cumberland,NJ,39.4298873,-75.0163235,address,"805 Sheridan Avenue, Vineland, NJ",350-1000,Phase 1 under construction (Mar 2026; described as newly operational by Jun 2026); Phases 2-3 planned,https://www.nj.gov/drbc/library/documents/Pindar_DataCenters_NJWSAC041726.pdf,"Data Centers (DRBC NJWSAC presentation, slide 32)",Delaware River Basin Commission,2026-04-17,https://whyy.org/articles/data-center-artificial-intelligence-vineland-new-jersey/,True,"DRBC: ""350MW expanding to 1GW""; WHYY 2026-03-23: 350-MW facility under construction. Phase 1 may now be operating; planned status applies to expansion phases.",True
DRB-DE-26,Project Washington,Starwood Digital Ventures (landowner New Castle Campus Development LLC / PBF Energy),"Adjacent to 784 Hamburg Road; ~580 acres between Dupont Hwy, Governor Lea Rd and River Rd",near Delaware City (unincorporated),New Castle,DE,39.6197329,-75.6403069,address,"street=784 Hamburg Road, state=Delaware (structured)",1200,"stalled: DNREC ruled plan violates Coastal Zone Act; appeal withdrawn Jul 2026; developer seeking ""pathway forward""",https://spotlightdelaware.org/2026/08/28/delaware-city-data-center-will-not-move-forward-under-current-plans/,"Project Washington pulls appeal, data center won't proceed under current plan - Spotlight Delaware",Spotlight Delaware,2026-08-28,https://www.datacenterdynamics.com/en/news/starwood-files-to-develop-12gw-11-building-data-center-campus-in-delaware/,True,"DCD: 1.2GW, 11 buildings; DRBC Thompson slide 37 pin 39.6143112,-75.6429059. Not operating; current plan cannot proceed.",True
DRB-DE-27,St. Georges Business Park (data-center-ready exploratory plan),Parkway Gravel Inc.,"South of Port Penn Road, Middletown area (~1,500 acres; Frightland site)",Middletown area,New Castle,DE,39.5248229,-75.6485042,street,"Port Penn Road, New Castle County, DE",,exploratory plan (Nov-Dec 2025); data center one of contemplated uses,https://delawarebusinesstimes.com/news/three-sites-data-center-conversions/,Three sites across New Castle explore data center conversions,Delaware Business Times,2025-12-18,,False,"Named site, but plans are exploratory/by-right shells; not a confirmed data center proposal. May correspond to DRBC DE count.",True
DRB-DE-28,White Clay Corporate Center (data-center-ready exploratory plan),Shelbourne Global,"Off Route 273, Newark",Newark,New Castle,DE,39.6828358,-75.7515682,municipality,"Newark, New Castle County, Delaware",,exploratory plan (Nov-Dec 2025); data center one of contemplated uses,https://delawarebusinesstimes.com/news/three-sites-data-center-conversions/,Three sites across New Castle explore data center conversions,Delaware Business Times,2025-12-18,,False,"Named site, but plans are exploratory/by-right shells; not a confirmed data center proposal. May correspond to DRBC DE count.",True
DRB-DE-29,Blue Diamond Industrial Park (data-center-ready exploratory plan),Stoltz Real Estate Partners,"Along U.S. Route 13, New Castle",New Castle,New Castle,DE,39.6620572,-75.5663132,municipality,"New Castle, New Castle County, Delaware",,exploratory plan (Nov-Dec 2025); data center one of contemplated uses,https://delawarebusinesstimes.com/news/three-sites-data-center-conversions/,Three sites across New Castle explore data center conversions,Delaware Business Times,2025-12-18,,False,"Named site, but plans are exploratory/by-right shells; not a confirmed data center proposal. May correspond to DRBC DE count.",True
