site_id,list,name,developer,county,municipality,address_or_intersection,record_type,status,is_data_center,active,on_map,stated_mw,capacity_basis,it_mw,lat,lon,location_confidence,verified_location,in_drb,dist_to_divide_km,near_divide,source_url,original_url,replacement_kind,source_date,url_check,url_http_code,url_final,content_match,source_verified,unverified,verification_note,tracker_updated,km_outside_drb
DRB01,main,Newark White Clay Creek Business Park Data Center,Verdantas; Shelbourne,"New Castle County, DE",Newark,"100 White Clay Creek Business Park, off Ogletown Road",Data Center,delayed,True,True,True,,assumed_100MW_IT,100.0,39.68188899,-75.7238784,exact,True,True,7.2063018327334465,False,https://web.archive.org/web/20251219123811/https://www.datacenterdynamics.com/en/news/verdantas-proposes-new-data-center-in-newark-delaware/,https://www.datacenterdynamics.com/en/news/verdantas-proposes-new-data-center-in-newark-delaware/,wayback,2025-12-19,resolves_via_replacement,403,,True,True,False,,2026-9-16,
DRB02,main,Project Washington,Starwood Digital Ventures,"New Castle County, DE",Delaware City,Off River Road,Data Center,delayed,True,True,True,1200.0,stated_campus_MW_div_PUE,1000.0,39.61185181,-75.6378833,exact,True,True,9.366503792370647,False,https://spotlightdelaware.org/2026/03/26/delaware-city-data-center-environmental-denial-upheld-by-state-board/,,,2026-03-26,resolves,200,,True,True,False,,2026-9-16,
DRB03,main,"St. Georges Business Park Data Center / ""Frightland Project""",Parkway Gravel,"New Castle County, DE",St. Georges,Near Port Penn Road; Frightland (Halloween-themed attraction),Data Center,proposed,True,True,True,,assumed_100MW_IT,100.0,39.54430554,-75.64337652,approximate,False,True,6.6351084941825125,False,https://delawarebusinesstimes.com/news/three-sites-data-center-conversions/,,,2025-12-18,resolves,200,,True,True,True,,2026-9-16,
DRB04,main,Comcast Moorestown,Comcast,"Burlington County, NJ",Moorestown Township,650 Centerton Rd,Data Center,proposed,True,True,True,,assumed_100MW_IT,100.0,39.98939,-74.8896,exact,True,True,19.26907023713422,False,https://web.archive.org/web/20260819033652/https://www.datacenterdynamics.com/en/news/comcast-to-convert-former-bank-into-data-center-in-new-jersey/,https://www.datacenterdynamics.com/en/news/comcast-to-convert-former-bank-into-data-center-in-new-jersey/,wayback,2025-8-11,resolves_via_replacement,403,,True,True,False,,2026-9-18,
DRB05,main,Joint Base McGuire-Dix-Lakehurst,,"Burlington County, NJ",Fort Dix,3021 McGuire Blvd,Data Center,proposed,True,True,True,,assumed_100MW_IT,100.0,40.01661,-74.608765,approximate,False,True,12.997394603963434,False,https://web.archive.org/web/20260109200403/https://www.datacenterdynamics.com/en/news/us-department-of-the-air-force-accepting-proposals-for-ai-data-centers-in-military-bases/,https://www.datacenterdynamics.com/en/news/us-department-of-the-air-force-accepting-proposals-for-ai-data-centers-in-military-bases/,wayback,,resolves_via_replacement,403,,True,True,True,,2026-9-18,
DRB06,main,Tower Gate Project,,"Burlington County, NJ",Mansfield Township,Route 130 and Kinkora Rd,Data Center,rejected,True,False,False,,assumed_100MW_IT,100.0,40.1186735,-74.751205,exact,True,True,20.235948111148193,False,https://www.mansfieldtwp.com/sites/g/files/vyhlif8026/f/news/mayor_statement-3-16-26.pdf,,,,resolves,200,,True,True,False,,2026-9-18,
DRB07,main,DataOne Vineland,DataOne,"Cumberland County, NJ",Vineland,805 Sheridan Avenue,Data Center,construction,True,True,True,300.0,stated_campus_MW_div_PUE,250.0,39.42766589,-75.0167957,approximate,False,True,11.298411150925823,False,https://www.scottkompa.com/blog/vineland-ai-data-center-housing-market/,,,2026-4-23,resolves,200,,True,False,True,"a live fetch on 2026-09-25 returned HTTP 403 where the cached check had recorded 200; a later fetch that day returned 200 and the page names DataOne and Vineland, but the only Wayback capture is a 404, so the source is classed as unverified",2026-9-22,
DRB08,main,Millville Energy & Data Center Campus,A1 Data Center,"Cumberland County, NJ",Millville,Former Wheaton Glass Factory,Data Center,rejected,True,False,False,,assumed_100MW_IT,100.0,39.4088032,-75.0332377,uncertain,False,True,12.096196912750505,False,https://www.courierpostonline.com/story/news/politics/2026/05/20/millville-new-jersey-data-center-ban-cran/90176739007/,,,2026-5-20,resolves,200,,True,True,True,,2026-05-20,
DRB09,main,American Tower Mount Royal,American Tower,"Gloucester County, NJ",East Greenwich Township,114 Mantua Road,Data Center,withdrawn,True,False,False,4.0,stated_campus_MW_div_PUE,3.3333333333333335,39.79936564,-75.19931475,approximate,False,True,16.650788149177064,False,https://web.archive.org/web/20260704082211/https://www.datacenterdynamics.com/en/news/american-tower-withdraws-plans-for-data-center-in-new-jersey/,https://www.datacenterdynamics.com/en/news/american-tower-withdraws-plans-for-data-center-in-new-jersey/,wayback,2026-6-29,resolves_via_replacement,403,,True,True,True,,2026-9-22,
DRB10,main,Andover Data Center,"Abbey Beta, LLC","Sussex County, NJ",Andover Township,293 US Route 206 and 248 Stickles Pond Rd,Data Center,proposed,True,True,True,,assumed_100MW_IT,100.0,41.03259839,-74.76603349,exact,True,True,6.873026303693213,False,https://ecode360.com/AN2011/document/753256148.pdf,,,2026-5-12,resolves,200,,True,True,False,"manual check: source is a scanned 5-page PDF without a text layer (Andover Ordinance #2026-13), read visually",2026-9-22,
DRB11,main,Cumru Titus,Titus Development Co.,"Berks County, PA",Cumru Township,Likely Poplar Neck Road,Site Interest and Advertisement,preliminary,False,True,False,200.0,stated_campus_MW_div_PUE,166.66666666666669,40.30604668,-75.91162467,uncertain,False,True,9.309810156858488,False,https://berksweekly.com/news/titus-station-redevelopment-project-in-berks-county-planned-as-ai-infrastructure-campus/,,,2026-5-19,resolves,200,,True,True,True,,2026-05-23,
DRB12,main,AWS Keystone Trade Center Campus,Amazon Web Services,"Bucks County, PA",Falls Township,Keystone Trade Center (former U.S. Steel Fairless Works),Data Center,proposed,True,True,True,,assumed_100MW_IT,100.0,40.16092786,-74.7577123,exact,True,True,15.65271064671313,False,https://6abc.com/post/residents-voice-frustration-amazon-data-center-falls-township/19509947/,,,2026-7-15,resolves,200,,True,True,False,,2026-9-23,
DRB13,main,Quakertown Data Center Park,Arrow Real Estate Services,"Bucks County, PA",Richland Township,Route 309 and Rich Hill Road,Site Advertisement,preliminary,False,True,False,1000.0,stated_campus_MW_div_PUE,833.3333333333334,40.41121767,-75.34561374,approximate,False,True,33.98716375305181,False,https://web.archive.org/web/20260512060414/https://www.arrowrealestateservices.com/property/quakertown-pa-data-center-park/,https://www.arrowrealestateservices.com/property/quakertown-pa-data-center-park/,wayback,,resolves_via_replacement,404,,True,True,True,,2026-05-23,
DRB14,main,Sellersville / West Rockhill Township Data Center,National Land Developers,"Bucks County, PA",West Rockhill Township,"215 Cathill Rd, next to former Teva Pharmaceutical building",Data Center,preliminary,True,True,True,,assumed_100MW_IT,100.0,40.34879997,-75.32982269,exact,True,True,33.86574642124179,False,https://keystonenewsroom.com/news/politics/upper-bucks-supervisors-ok-new-data-center-regulations-amid-outcry/,https://www.phillyburbs.com/story/business/real-estate/2026/04/17/west-rockhill-data-center-zoning-regulations-cathill-road-protest-ai/89623313007/,alternate_outlet,2026-4-17,resolves_via_replacement,000,https://www.usatoday.com/.cam/sso?lookup=vault1&local=XPdQnn%2FgP0GmDS9H8y2UX67nV3lYNEMheL4Nn%2BAPCyqdQ5z17vA%2BbCsMnH0VJHy9JPU5%2B534bKJ%2BqREFqQNOzLOq7QzMjUC0ZIBK6H4E4s622WPnNZE5oe27vXobTAB2rP9rqgvDutAblvVbzrwidO3elYsOi03KoRBGhXre5%2FddLz%2FFedXRfqVOS2fqrlz9xL7yv7SHlZ3YXqxNNsjFVBFXOt9yKx960hhcA6WVNvQyQXYU%2B1LzsYAdQCHAl%2B2K,True,True,False,,2026-4-18,
DRB15,main,Keel Infrastructure Panther Creek,T5; Keel Infrastructure,"Carbon County, PA",Nesquehoning Borough,4 Dennison Rd,Data Center,proposed,True,True,True,350.0,stated_campus_MW_div_PUE,291.6666666666667,40.85810449,-75.86678277,exact,True,True,9.994945203497418,False,https://www.tnonline.com/20260224/nesquehoning-planners-ok-bitfarms-complex/,,,2026-2-24,resolves,200,,True,True,False,,2026-9-23,
DRB16,main,NorthPoint Spring Mountain Data Center,NorthPoint Development,"Carbon County, PA",Banks Township; Packer Township,Spring Mountain area,Data Center,proposed,True,True,True,,assumed_100MW_IT,100.0,40.91668696,-75.92819869,approximate,False,True,3.427673170365346,False,https://www.tnonline.com/20260110/no-action-on-northpoint-development-plan-in-weatherly-area/,,,2026-1-10,resolves,200,,True,True,True,,2026-4-15,
DRB17,main,Penn Forest Township Data Center,Mele Brothers Realty,"Carbon County, PA",Penn Forest Township,460 Maury Rd,Zoning Ordinance,preliminary,False,True,False,,assumed_100MW_IT,100.0,40.90018884,-75.66877208,approximate,False,True,18.26958997108274,False,https://www.tnonline.com/20260304/penn-forest-oks-data-ordinance/,,,2026-3-4,resolves,200,,True,True,True,,2026-9-23,
DRB18,main,East Brandywine Data Center,500 ER-EBY Trust,"Chester County, PA",East Brandywine Township,500 E Reeceville Road,Zoning Challenge,preliminary,False,True,False,,assumed_100MW_IT,100.0,40.02715476,-75.78690503,exact,True,True,9.18600095772552,False,https://web.archive.org/web/20260513161632/https://www.ebrandywine.org/m/newsflash/home/detail/237,https://www.ebrandywine.org/m/newsflash/home/detail/237,wayback,2026-5-11,resolves_via_replacement,404,https://www.ebrandywine.org/404.aspx?nid=-404&badlink=/m/newsflash/home/detail/237,True,True,False,,2026-5-14,
DRB19,main,North Coventry Mall Data Center,PGOB Coventry Holdings; Pennmark Management Company Inc.,"Chester County, PA",North Coventry Township,351 W. Schuylkill Road,Data Center,rejected,True,False,False,,assumed_100MW_IT,100.0,40.23541132,-75.66262445,approximate,False,True,15.325598955302965,False,https://www.thecooldown.com/green-tech/north-coventry-township-pennsylvania-opposes-data-center/,,,2026-9-9,resolves,200,,True,True,True,,2026-9-10,
DRB20,main,North Coventry Township Data Center,Envision Land Use,"Chester County, PA",North Coventry Township,299 W. Schuylkill Rd,Data Center,withdrawn,True,False,False,,assumed_100MW_IT,100.0,40.23595694,-75.65857193,exact,True,True,15.661976133176745,False,https://www.pottsmerc.com/2026/04/01/data-center-discussion-dominates-friel-town-hall-in-north-coventry/,,,2026-4-1,resolves,200,,True,True,False,,2026-3-21,
DRB21,main,Pennhurst Data Center,Pennhurst Holdings LLC,"Chester County, PA",East Vincent Township,1205 Commonwealth Dr,Data Center,rejected,True,False,False,,assumed_100MW_IT,100.0,40.19431755,-75.56108097,exact,True,True,22.343265142986255,False,https://www.inquirer.com/news/pennsylvania/pennhurst-data-center-rejected-east-vincent-20260522.html,,,2026-5-22,resolves,200,,True,True,False,,2026-9-22,
DRB22,main,Sentinel Green Fig East Whiteland,"Sentinel Green Fig, LLC","Chester County, PA",East Whiteland Township,13 South Bacton Hill Rd,Data Center,proposed,True,True,True,290.0,stated_campus_MW_div_PUE,241.66666666666669,40.03918189,-75.58675747,approximate,False,True,24.191580506399866,False,https://youtu.be/U7olb-nzL4E?si=vCRlwGbX6-G6aNlM,,,2026-4-17,resolves,200,https://www.youtube.com/watch?si=vCRlwGbX6-G6aNlM&v=U7olb-nzL4E&feature=youtu.be,True,True,True,manual check: source is a YouTube video; only the title and description were checked,2026-9-23,
DRB23,main,Project Gold,NE Edge Data Centers,"Lackawanna County, PA",Clifton Township; Covington Township,Near I‑380 at Clifton Beach Road,Data Center,proposed,True,True,True,1500.0,stated_campus_MW_div_PUE,1250.0,41.25171332,-75.51721079,exact,True,True,1.9505425540835295,True,https://www.thetimes-tribune.com/2026/04/07/firm-tied-to-project-gold-data-center-campus-buys-200-plus-acres-in-covington-twp/,,,2026-4-7,resolves,200,,True,True,False,,2026-9-23,
DRB24,main,Allentown Warehouse Conversion Data Center,Quantm LLC,"Lehigh County, PA",Allentown,2401 W Emaus Avenue,Data Center,delayed,True,True,True,,assumed_100MW_IT,100.0,40.56743843,-75.47433818,exact,True,True,36.02451155617239,False,https://www.mcall.com/2026/08/06/allentown-is-facing-pressure-including-a-legal-challenge-from-data-center-developers-for-speedy-review-and-approval-emails-reveal/,,,2026-8-6,resolves,200,,True,True,False,,2026-9-23,
DRB25,main,Atlas Industrial / South Whitehall Township Hyperscale Data Center Campus,CDE Acquisitions LLC; Edged,"Lehigh County, PA",South Whitehall Township,2493 N. Cedar Crest Blvd; across the street from Parkland High School,Data Center,proposed,True,True,True,725.0,stated_campus_MW_div_PUE,604.1666666666667,40.64345138,-75.53658984,exact,True,True,40.316251067286416,False,https://www.wfmz.com/news/area/lehighvalley/lehigh-county/allentown-area/project-atlas-under-the-microscope-long-awaited-public-meeting-happens-tomorrow/article_ee2d979d-97eb-4743-b096-2ff66b0c4f74.html,,,2026-9-21,resolves,200,,True,True,False,,2026-9-23,
DRB26,main,Former Air Products Headquarters Data Center,Air Products,"Lehigh County, PA",Upper Macungie Township,7300 Centronia Rd,Data Center,withdrawn,True,False,False,,assumed_100MW_IT,100.0,40.55415027,-75.59980631,exact,True,True,46.2323467840485,False,https://www.wfmz.com/news/area/lehighvalley/developer-ends-data-center-project-at-air-products-former-upper-macungie-headquarters/article_95bff4b5-da43-44fc-afe4-ee1872c84cd4.html,,,2026-8-11,resolves,200,,True,True,False,,2026-9-23,
DRB27,main,Smithfield Gateway Project,DEPG Moiser Assoc LP,"Monroe County, PA",Smithfield Township,Off Seven Bridge Rd and Independence Rd,Data Center,proposed,True,True,True,,assumed_100MW_IT,100.0,41.00617471,-75.15065763,approximate,False,True,34.15653878538157,False,https://web.archive.org/web/20260401051849/https://www.poconorecord.com/story/news/local/2026/03/31/proposed-data-center-buildings-smithfield-township/89392885007/,https://www.poconorecord.com/story/news/local/2026/03/31/proposed-data-center-buildings-smithfield-township/89392885007/,wayback,2026-3-31,resolves_via_replacement,200,,True,True,True,,2026-9-23,
DRB28,main,Tobyhanna Township / Blakeslee Data Center,Undisclosed Developer,"Monroe County, PA",Tobyhanna Township,Pennsylvania Glacial Till property along Caughbaugh Road,Zoning Ordinance,preliminary,False,True,False,,assumed_100MW_IT,100.0,41.13227151,-75.61026733,exact,True,True,11.801157971591365,False,https://www.wnep.com/article/news/local/monroe-county/monroe-county-community-opposes-possible-data-center-tobyhanna-township/523-89076aa8-a890-44ec-b175-b56eb13c104b,,,2026-4-16,forbidden_to_automated_client,403,,,False,True,,2026-9-15,
DRB29,main,3200 Horizon Drive Data Center,MLP Ventures,"Montgomery County, PA",Upper Merion Township,3200 Horizon Drive,Data Center,rejected,True,False,False,,assumed_100MW_IT,100.0,40.08705063,-75.33861848,exact,True,True,41.84954800079217,False,https://whyy.org/articles/upper-merion-board-king-of-prussia-data-center/,,,2026-8-14,resolves,200,,True,True,False,,2026-08-14,
DRB30,main,600 River Road Data Center,MLP Ventures; Innovation River Run LLC,"Montgomery County, PA",Upper Merion Township,600 River Road,Data Center,rejected,True,False,False,,assumed_100MW_IT,100.0,40.0939398,-75.32503398,exact,True,True,42.82891157397956,False,https://whyy.org/articles/upper-merion-board-king-of-prussia-data-center/,,,2026-8-14,resolves,200,,True,True,False,,2026-08-14,
DRB31,main,Conshohocken Data Center,MLP Ventures; 900 Conshohocken Road LLC,"Montgomery County, PA",Plymouth Township,900 Conshohocken Road,Data Center,proposed,True,True,True,,assumed_100MW_IT,100.0,40.086677,-75.317786,exact,True,True,43.43963779340893,False,https://www.nbcphiladelphia.com/news/local/proposed-data-center-faces-renewed-opposition-in-plymouth-township/4444474/,,,2026-8-7,resolves,200,,True,True,False,,2026-9-16,
DRB32,main,Gravel Pike Data Center,"Hanover Development, LP","Montgomery County, PA",Upper Hanover Township,"Off Gravel Pike Road, Southeast of Ziegler Road",Data Center,proposed,True,True,True,,assumed_100MW_IT,100.0,40.4190452,-75.5133896,exact,True,True,37.803223371362506,False,https://www.upperhanovertownship.org/news_detail_T14_R97.php,,,2026-6-19,resolves,200,,False,False,True,,2026-9-16,
DRB33,main,Linfield Data Center,Limerick Town Center LLC,"Montgomery County, PA",Limerick Township,1301 Main Street,Data Center,proposed,True,True,True,,assumed_100MW_IT,100.0,40.20092763,-75.57527627,exact,True,True,21.281841508510986,False,https://web.archive.org/web/20260716132253/https://limerickpa.org/437/Conditional-Use-Hearings,https://gis.limerickpa.org/publicportal/docdownload.cfm?docsession=8D8FD7B1C948DBB8DD6305469874D02B89C55427,wayback,2026-4-17,resolves_via_replacement,200,,True,False,True,"the original Limerick document URL is session-bound and returns 'Download has expired'; the Wayback capture of the township hearings page (2026-07-16) names the applicant, address and Linfield, but it was not compared against the original document, so the source is classed as unverified",2026-9-16,
DRB34,main,Project Laurel,MCD 7 LLC,"Montgomery County, PA",Limerick Township,"Across from Philadelphia Premium Outlets, near the Limerick Nuclear Power Plant",Data Center,proposed,True,True,True,750.0,stated_campus_MW_div_PUE,625.0,40.23218123,-75.57349531,exact,True,True,22.27889084141176,False,https://www.wgal.com/article/violent-threats-pennsylvania-ai-data-center-heightened-security/71233719,,,2026-5-7,resolves,200,,True,True,False,,2026-9-22,
DRB35,main,Renaissance Boulevard Data Center Campus,MLP Ventures,"Montgomery County, PA",Upper Merion Township,"2100, 2201, 2301, 2501, 2701, 2901 Renaissance Boulevard",Data Center,rejected,True,False,False,,assumed_100MW_IT,100.0,40.08265474,-75.3410236,exact,True,True,41.74993458315737,False,https://whyy.org/articles/upper-merion-board-king-of-prussia-data-center/,,,2026-8-14,resolves,200,,True,True,False,,2026-08-14,
DRB36,main,Swedeland Discovery Center Data Center Campus,MLP Ventures,"Montgomery County, PA",Upper Merion Township,411 Swedeland Road,Data Center,rejected,True,False,False,,assumed_100MW_IT,100.0,40.07589993,-75.33279859,exact,True,True,42.591655432170285,False,https://whyy.org/articles/upper-merion-board-king-of-prussia-data-center/,,,2026-8-14,resolves,200,,True,True,False,,2026-08-14,
DRB37,main,Lower Mount Bethel Technology Center,Peron Development; J.G. Petrucci Company,"Northampton County, PA",Lower Mount Bethel Township,Around Depue Ferry Road,Data Center,proposed,True,True,True,1200.0,stated_campus_MW_div_PUE,1000.0,40.82152787,-75.1017816,uncertain,False,True,16.976202835261,False,https://www.wfmz.com/news/area/lehighvalley/northampton-county/slate-belt/we-will-fight-until-the-end-lower-mt-bethel-residents-pack-data-center-town-hall/article_d2b0dca6-fae7-4c83-bc29-bfbe42761882.html,,,2026-4-9,resolves,200,,True,True,True,,2026-9-23,
DRB38,main,Prologis Warehouse Data Center,Prologis,"Northampton County, PA",Allen Township,2500 Liberty Drive,Data Center,proposed,True,True,True,,assumed_100MW_IT,100.0,40.7015124,-75.4801445,exact,True,True,36.23960690074157,False,https://www.wfmz.com/news/area/lehighvalley/northampton-county/nazareth-northampton-area/allen-township-considering-creation-of-data-center-overlay-district/article_00461d6f-922b-421e-acbe-d8f18cd1073b.html,,,2026-7-30,resolves,200,,True,True,False,,2026-08-16,
DRB39,main,Slate Belt Data Centers,River Pointe Logistics,"Northampton County, PA",Upper Mount Bethel Township,River Rd,Data Center,proposed,True,True,True,,assumed_100MW_IT,100.0,40.905949,-75.08598,uncertain,False,True,23.085202756720346,False,https://www.wfmz.com/news/area/lehighvalley/northampton-county/slate-belt/making-their-case-developers-unveil-website-for-data-center-campus-with-23-buildings-in-umbt/article_3cbc6957-eb54-4e10-82e9-f43c9a3f0325.html,https://www.datacenterdynamics.com/en/news/talen-looks-to-develop-23-building-data-center-campus-in-pennsylvania/,alternate_outlet,,resolves_via_replacement,403,,True,True,True,,2026-9-23,
DRB40,main,Kline Township Data Center,Amazon Web Services,"Schuylkill County, PA",Kline Township,"""Devils Mountain"", bounded by Rt-309, I-81, and the villages of Lofty and Haddock",Data Center,proposed,True,True,True,,assumed_100MW_IT,100.0,40.87754226,-76.01469842,exact,True,True,0.2540214267985126,True,https://www.republicanherald.com/2026/02/27/community-meeting-to-be-held-for-kline-twp-data-center/,,,2026-2-27,resolves,200,,True,True,False,,2026-9-23,
NM01,near_miss,New Castle Data Center,KRNL Data Centers,"Schuylkill County, PA",New Castle Township,By I-81 on the south and West Laurel Street on the north,Data Center,preliminary,True,True,False,,assumed_100MW_IT,100.0,40.77481697,-76.23620462,exact,True,False,0.21762150358946644,True,https://www.republicanherald.com/2026/08/31/for-now-new-castle-twp-ordinance-has-kept-data-center-development-at-bay/,,,2026-8-31,resolves,200,,True,True,False,,2026-9-23,0.2
NM02,near_miss,Nebius Butler Township Data Center,Nebius,"Schuylkill County, PA",Butler Township,Highridge Business Park,Data Center,preliminary,True,True,False,1200.0,stated_campus_MW_div_PUE,1000.0,40.7386815,-76.3191425,exact,True,False,1.066085909697549,True,https://www.idcnova.com/news/Nebius-Unveils-Details-for-1.2GW-Data-Center-Campus-in-Pennsylvania,,,2026-7-28,resolves,200,,True,True,False,,2026-7-28,1.1
NM03,near_miss,Linde Clinton Data Center,Linde Corporation,"Wayne County, PA",Clinton Township,Off Flat Rock Road,Data Center,rejected,True,False,False,,assumed_100MW_IT,100.0,41.63476786,-75.44576229,approximate,False,False,1.5754253033710863,True,"https://www.riverreporter.com/stories/proposed-data-center-in-clinton-township-officially-rejected,276211",,,2026-9-10,resolves,200,,True,True,True,,2026-9-10,1.6
NM04,near_miss,West Hazleton Data Center,One Trinity Real Estate Investments,"Luzerne County, PA",West Hazleton,Behind Valmont Shopping Plaza,Data Center,preliminary,True,True,False,,assumed_100MW_IT,100.0,40.96565469,-76.01156213,exact,True,False,2.467934219915118,False,https://www.standardspeaker.com/2025/09/13/developer-interested-in-recruiting-data-center-to-west-hazleton/,,,2025-9-13,resolves,200,,True,True,False,,2025-12-22,2.5
NM05,near_miss,PNK Valley View Data Center,PNK Group,"Lackawanna County, PA",Archbald Borough,Along Archbald Heights Road,Site Interest,preliminary,False,True,False,,assumed_100MW_IT,100.0,41.47914648,-75.51858421,exact,True,False,2.8658519110158736,False,https://www.thetimes-tribune.com/2026/08/02/archbalds-latest-data-center-suitor-distances-itself-from-russian-origins/,,,2026-8-2,resolves,200,,True,True,False,,2026-7-16,2.9
NM06,near_miss,Jessup Sunnyside Data Center,"Sunnyside Road Associates, LLC","Lackawanna County, PA",Jessup Borough,Directly next to Lackawanna Energy Center,Data Center,proposed,True,True,False,,assumed_100MW_IT,100.0,41.46826509,-75.54760961,approximate,False,False,3.3052614262066333,False,https://www.pennlive.com/news/2026/07/developer-sues-pa-town-after-it-denies-data-center-plans.html,,,2026-7-14,forbidden_to_automated_client,403,,,False,True,,2026-9-23,3.3
NM07,near_miss,Project Triboro,"Triboro Commerce Park, LLC; Sansone Group","Lackawanna County, PA",Olyphant Borough,Triboro Industrial Park,Data Center,delayed,True,True,False,,assumed_100MW_IT,100.0,41.44415192,-75.56713892,approximate,False,False,3.5211037127349996,False,https://www.2822news.com/news/data-centers/olyphant-residents-rally-over-proposed-triboro-data-centers/,,,2026-8-2,resolves,200,,True,True,True,,2026-9-15,3.6
NM08,near_miss,Jessup Breaker Street Data Center,Breaker Street Associates LLC,"Lackawanna County, PA",Jessup Borough,Breaker Street near Hill Street,Data Center,delayed,True,True,False,600.0,stated_campus_MW_div_PUE,500.0,41.47418356,-75.55167722,approximate,False,False,3.9999574573623664,False,https://www.pennlive.com/news/2026/07/developer-sues-pa-town-after-it-denies-data-center-plans.html,,,2026-7-14,forbidden_to_automated_client,403,,,False,True,,2026-9-23,4.0
NM09,near_miss,Project Green Mountain,Green Mountain 6,"Lackawanna County, PA",Archbald Borough,"East side of Casey Highway, at former Stavola Quarry site",Data Center,proposed,True,True,False,,assumed_100MW_IT,100.0,41.50989356,-75.52445531,exact,True,False,4.079939356812686,False,https://www.thetimes-tribune.com/2026/08/05/project-green-mountain-hearing-canceled-in-archbald/,,,2026-8-5,resolves,200,,True,True,False,,2026-9-21,4.2
NM10,near_miss,Project Hazelnut,NorthPoint Development,"Luzerne County, PA",Hazle Township,Humboldt Industrial Park North near PA 924 & I‑81,Data Center,rejected,True,False,False,,assumed_100MW_IT,100.0,40.96611988,-76.04552288,approximate,False,False,5.263906186046323,False,https://www.thecentersquare.com/pennsylvania/article_3b615fd8-5d36-45c4-bfb6-4a3162104f0b.html,,,2026-6-26,resolves,200,,True,True,True,,2026-9-23,5.3
NM11,near_miss,Monroe Township Data Center,Hexa Builders,"Gloucester County, NJ",Monroe Township,Along South Black Horse Pike,Data Center,rejected,True,False,False,,assumed_100MW_IT,100.0,39.63068297,-74.93468954,approximate,False,False,5.771106929701339,False,https://jerseyvindicator.org/2026/08/01/developer-challenges-gloucester-county-data-center-ban-on-free-speech-grounds/,,,2026-8-1,resolves,200,,True,True,True,,2026-9-22,5.7
NM12,near_miss,Dorrance Township Data Center Zoning Ordinance Challenge,Brewster Land Company,"Luzerne County, PA",Dorrance Township,Corner of South Main Rd and Yeager Rd,Zoning Ordinance,preliminary,False,True,False,,assumed_100MW_IT,100.0,41.08587671,-75.95575846,approximate,False,False,6.472233336020101,False,https://www.citizensvoice.com/2026/08/31/data-center-developer-appeals-dorrance-twp-rejection/,,,2026-8-31,resolves,200,,True,True,True,,2026-9-23,6.4
NM13,near_miss,Project Boson,"PDC Realty, LLC","Lackawanna County, PA",Archbald Borough,Eynon Jermyn Road,Data Center,proposed,True,True,False,,assumed_100MW_IT,100.0,41.51204229,-75.55615342,exact,True,False,6.712445103547815,False,https://www.wnep.com/article/news/local/lackawanna-county/a-brief-reprieve-from-the-year-long-fight-against-data-centers-lackawanna-county-archbald/523-8949aae7-3e74-4350-93c0-d06e53a554d9,,,2026-7-10,forbidden_to_automated_client,403,,,False,True,,2026-9-23,6.8
NM14,near_miss,Project Gravity,Western Hospitality Partners,"Lackawanna County, PA",Archbald Borough,Between Business Route 6 and Eynon-Jermyn Road,Data Center,proposed,True,True,False,,assumed_100MW_IT,100.0,41.52487025,-75.55982315,exact,True,False,7.223134153553195,False,https://www.wnep.com/article/news/local/lackawanna-county/a-brief-reprieve-from-the-year-long-fight-against-data-centers-lackawanna-county-archbald/523-8949aae7-3e74-4350-93c0-d06e53a554d9,,,2026-7-10,forbidden_to_automated_client,403,,,False,True,,2026-9-21,7.3
NM15,near_miss,Archbald I LLC Data Center Campuses,Archbald 1 LLC; Provident Realty,"Lackawanna County, PA",Archbald Borough,Between Business Route 6 and Eynon Jermyn Road,Data Center,rejected,True,False,False,,assumed_100MW_IT,100.0,41.51661739,-75.56512591,exact,True,False,7.493679975789471,False,https://www.wnep.com/article/news/local/lackawanna-county/a-brief-reprieve-from-the-year-long-fight-against-data-centers-lackawanna-county-archbald/523-8949aae7-3e74-4350-93c0-d06e53a554d9,,,2026-7-10,forbidden_to_automated_client,403,,,False,True,,2026-9-21,7.6
NM16,near_miss,Sugarloaf Township Data Center,LBT Investment Group LLC,"Luzerne County, PA",Sugarloaf Township,Along Tomhicken Road,Data Center,proposed,True,True,False,,assumed_100MW_IT,100.0,40.97036803,-76.0721478,exact,True,False,7.532019089074293,False,https://www.timesleader.com/news/1733053/sugarloaf-twp-supervisors-table-ordinance-regulating-datacenters,,,2026-2-17,resolves,200,,True,True,False,,2026-9-23,7.6
NM17,near_miss,Blakely AI Data Center,Alpesh “Al” Patel,"Lackawanna County, PA",Blakely Borough,Below Business Route 6 and Terrace Drive,Data Center,withdrawn,True,False,False,400.0,stated_campus_MW_div_PUE,333.33333333333337,41.48730234,-75.59677116,exact,True,False,7.797471944659744,False,https://www.thetimes-tribune.com/2025/10/21/blakely-introduces-ordinance-restricting-regulating-data-centers/,,,2025-10-21,resolves,200,,True,True,False,,2026-9-21,7.8
NM18,near_miss,Wildcat Ridge AI Data Center,Cornell Realty Management LLC,"Lackawanna County, PA",Archbald Borough,Business Route 6 & Wildcat Road (Route 247),Data Center,proposed,True,True,False,1600.0,stated_campus_MW_div_PUE,1333.3333333333335,41.50265393,-75.58996376,exact,True,False,8.496359915187632,False,https://www.thetimes-tribune.com/2026/09/09/archbald-council-to-decide-wildcat-ridges-fate-as-data-center-hearings-end/,,,2026-9-9,resolves,200,,True,True,False,,2026-9-21,8.5
NM19,near_miss,Princeton Nurseries Data Center,WRV Nurseries South Brunswick LLC,"Middlesex County, NJ",South Brunswick Township,"Former Princeton Nurseries site, off Route 1",Data Center,proposed,True,True,False,,assumed_100MW_IT,100.0,40.3616451,-74.60748403,approximate,False,False,8.706081068307478,False,https://web.archive.org/web/20250724133546/https://www.datacenterdynamics.com/en/news/former-nursery-site-in-new-jersey-could-host-data-center/,https://www.datacenterdynamics.com/en/news/former-nursery-site-in-new-jersey-could-host-data-center/,wayback,2025-3-11,resolves_via_replacement,403,,True,True,True,,2026-2-7,8.6
NM20,near_miss,Dickson City Data Centers,Dickson City Development LLC; Kriger Construction Inc,"Lackawanna County, PA",Dickson City,"Above Cold Spring Road, nearby McDonald's",Data Center,rejected,True,False,False,,assumed_100MW_IT,100.0,41.47228006,-75.6389869,approximate,False,False,10.147501840199418,False,https://www.thetimes-tribune.com/2026/04/30/developer-appeals-denial-to-build-four-dickson-city-data-centers/,,,2026-4-30,resolves,200,,True,True,True,,2026-9-22,10.3
NM21,near_miss,South Annville Township Data Center,Inch & Co; Eastern Land & Resources Co,"Lebanon County, PA",South Annville Township,"Along Mt. Pleasant Road, adjacent to 911 Rapid Response",Data Center,withdrawn,True,False,False,,assumed_100MW_IT,100.0,40.32188693,-76.52813066,exact,True,False,11.882792959806455,False,https://www.wgal.com/article/ai-data-center-plans-withdrawn-south-annville-township/71298129,,,2026-5-13,resolves,200,,True,True,False,,2026-9-22,11.9
NM22,near_miss,Mudiita Ransom Township Data Center,Mudiita Group,"Lackawanna County, PA",Ransom Township,Along Red Oak Drive and Ransom Road,Site Advertisement,withdrawn,False,False,False,750.0,stated_campus_MW_div_PUE,625.0,41.38663332,-75.76165592,approximate,False,False,13.814941205228989,False,https://www.wvia.org/news/local/2026-07-27/future-of-ransom-twp-property-uncertain-as-carbon-county-developer-says-no-plans-for-data-center-campus,,,2026-7-27,resolves,200,,True,True,True,,2026-9-22,13.7
NM23,near_miss,Ransom Township Data Center,Scranton Materials LLC,"Lackawanna County, PA",Ransom Township,819 Newton Road,Data Center,rejected,True,False,False,,assumed_100MW_IT,100.0,41.4485852,-75.70026061,exact,True,False,14.451825166784625,False,https://www.thetimes-tribune.com/2026/03/05/quarry-files-second-legal-challenge-over-ransom-twp-data-centers/,,,2026-3-5,resolves,200,,True,True,False,,2026-9-22,14.7
