site_id,name,municipality,supplier_name,supplier_class,confidence,evidence_quote,source_url,source_title,source_publisher,source_date,access_date,bib_key,notes
DRB01,Newark White Clay Creek Business Park Data Center,Newark,,unknown,none,,https://spotlightdelaware.org/2026/07/02/county-councilman-says-newark-data-center-plan-paused-after-deal/,County Councilman says Newark data center plan paused after deal,Spotlight Delaware,2026-07-02,2026-09-25,,No opened source names a water supplier; Spotlight Delaware pages (2025-12-16 and 2026-07-02) contain no supplier statement; Newark Post and UD Review were unreachable from the sandbox.
DRB02,Project Washington,Delaware City,Veolia,public_or_authority,stated_in_source,Veolia has provided Water Capacity Certifications stating that there is adequate water capacity,https://whyy.org/articles/data-centers-water-usage/,How much water do data centers use?,WHYY,2026-02-10,2026-09-25,project_washington_whyy_2026,"Developer spokesperson Jim Lamb; about 12.7 million gal/yr plus a one-time 600,000 gal closed-loop fill."
DRB03,"St. Georges Business Park Data Center / ""Frightland Project""",St. Georges,,unknown,none,,https://delawarebusinesstimes.com/news/three-sites-data-center-conversions/,Three sites data center conversions,Delaware Business Times,,2026-09-25,,Opened article describes the St. Georges Business Park proposal but names no water supplier; compute-atlas.com was blocked.
DRB04,Comcast Moorestown,Moorestown Township,,unknown,none,,https://www.datacenterdynamics.com/en/news/comcast-to-convert-former-bank-into-data-center-in-new-jersey/,Comcast to convert former bank into data center in New Jersey,DatacenterDynamics,,2026-09-25,,No source found that names a water supplier for the 650 Centerton Rd conversion.
DRB05,Joint Base McGuire-Dix-Lakehurst,Fort Dix,,unknown,none,,https://www.datacenterdynamics.com/en/news/us-department-of-the-air-force-accepting-proposals-for-ai-data-centers-in-military-bases/,US Department of the Air Force accepting proposals for AI data centers in military bases,DatacenterDynamics,,2026-09-25,,Solicitation stage; no source names a water supplier.
DRB07,DataOne Vineland,Vineland,,unknown,none,,https://whyy.org/articles/data-center-artificial-intelligence-vineland-new-jersey/,Vineland residents are protesting AI data center as concerns mount over emissions,WHYY,,2026-09-25,,"Developer states the facility ""won’t consume water from the aquifer"" and will ""generate its own water supply"" from air moisture; this is neither a named utility nor a well or intake, so the class is unknown. Vineland Municipal Utilities is named only as an electricity provider."
DRB10,Andover Data Center,Andover Township,,unknown,none,,https://ecode360.com/AN2011/document/753256148.pdf,Andover Township document 753256148,eCode360 / Andover Township,,2026-09-25,,The ecode360 PDF returned no extractable text; NJ Today and Township Journal coverage names no water supplier.
DRB12,AWS Keystone Trade Center Campus,Falls Township,Morrisville Municipal Authority (service water system),public_or_authority,stated_in_source,"the Morrisville Municipal Authority, which will supply river water for cooling the data center",https://keystonenewsroom.com/news/infrastructure/bucks-countys-first-data-center-will-open-soon-what-you-need-to-know/,Bucks County's first data center will open soon. What you need to know,The Keystone,2026-07-20,2026-09-25,falls_keystone_2026,"Existing references.bib key reused. Raw Delaware River water via the former U.S. Steel service system under the authority; LevittownNow (falls_levittown_2026) reports potable service of about 19,000 gal/day from the same authority."
DRB14,Sellersville / West Rockhill Township Data Center,West Rockhill Township,,unknown,none,,https://keystonenewsroom.com/news/politics/upper-bucks-supervisors-ok-new-data-center-regulations-amid-outcry/,Upper Bucks supervisors OK new data center regulations amid outcry,The Keystone,2026-04-20,2026-09-25,,Opened article covers the 215 Cathill Rd sketch plan but names no water supplier; montco.today returned HTTP 403 and centralbucksnews.com was unreachable.
DRB15,Keel Infrastructure Panther Creek,Nesquehoning Borough,,unknown,none,,https://www.tnonline.com/20260519/nesquehoning-planners-give-data-plan-extension/,Nesquehoning planners give data plan extension,Times News Online,2026-05-19,2026-09-25,nesquehoning_tnonline_2026,"Plan was reviewed under the borough water ordinance and needs an estimated 86 water EDUs, which implies a public connection, but no source names the supplier; the borough water-authority page lists both the Nesquehoning and Lansford water authorities, so no supplier is assigned. The initial cooling fill is to be trucked in from unnamed water suppliers."
DRB16,NorthPoint Spring Mountain Data Center,Banks Township; Packer Township,,unknown,none,,https://www.tnonline.com/20260110/no-action-on-northpoint-development-plan-in-weatherly-area/,No action on NorthPoint development plan in Weatherly area,Times News Online,2026-01-10,2026-09-25,,"Opened Times News articles name no water supplier; a resident claim of 330,000 gal/day potable use is unverified."
DRB22,Sentinel Green Fig East Whiteland,East Whiteland Township,Aqua Pennsylvania,public_or_authority,stated_in_source,"confirmation from Aqua, the water utility company",https://www.inquirer.com/news/pennsylvania/east-whiteland-data-center-superfund-stop-work-20260827.html,East Whiteland's proposed data center issued a second stop work order,The Philadelphia Inquirer,2026-08-27,2026-09-25,east_whiteland_inquirer_2026,Stop-work order holds until Aqua confirms sufficient water is committed; a 2024 Aqua letter said Aqua lacked capacity to meet the requested peak demand.
DRB23,Project Gold,Clifton Township; Covington Township,Project wells (centralized well system); cooling water trucked in,self_supplied,stated_in_source,"A centralized well system will be used for sinks, bathrooms, drinking water, and humification",https://www.wvia.org/news/local/2026-02-04/data-centers-residents-fear-negative-impacts-on-water-resources-as-data-centers-are-proposed-across-northeast-pa,DATA CENTERS: Residents fear negative impacts on water resources as data centers are proposed across Northeast Pa.,WVIA News,2026-02-04,2026-09-25,project_gold_wvia_2026,Developer attorney Matt McHugh: cooling water will be trucked in from an unnamed source and will not come from wells; on-site wells serve domestic and humidification use. Settlement terms place all nonpublic wells in Covington Twp.
DRB24,Allentown Warehouse Conversion Data Center,Allentown,,unknown,none,,https://www.wfmz.com/news/area/lehighvalley/lehigh-county/allentown-area/allentown-planners-examine-developer-s-changes-to-emaus-avenue-data-center-proposal/article_82e86912-d655-48ab-a45f-4fbb511adc49.html,Allentown planners examine developer's changes to Emaus Avenue data center proposal,WFMZ-TV 69 News,,2026-09-25,,Closed-loop design with 42 rooftop chillers; no source names a water supplier.
DRB25,Atlas Industrial / South Whitehall Township Hyperscale Data Center Campus,South Whitehall Township,,unknown,none,,https://www.lehighvalleypublicmedia.org/news/local/residents-push-for-public-hearing-as-south-whitehall-takes-new-look-at-hyperscale-data-center/,Residents push for public hearing as South Whitehall takes new look at hyperscale data center,Lehigh Valley Public Media,,2026-09-25,,"Developer states the closed-loop design ""would require no water from South Whitehall Township’s municipal system""; the article notes the Lehigh County Authority Central Lehigh Division serves the township, but that is territory only and contradicts the developer claim, so no supplier is assigned."
DRB27,Smithfield Gateway Project,Smithfield Township,Brodhead Creek Regional Authority (BCRA),public_or_authority,stated_in_source,Water demand will be coordinated with the local water utility (BCRA) to ensure adequate supply and system capacity.,https://smithfieldtownship.com/wp-content/uploads/2026/04/04-2026-03-31-SG-Data-Center-Cond-Use-App-Env-Impact-Summary-letter.pdf,"Environmental Impact Summary, Smithfield Gateway data center conditional use application",Langan (posted by Smithfield Township),2026-03-31,2026-09-25,smithfield_langan_2026,"BCRA denied a will-serve letter on August 4, 2026 (Resolution 2022-03); the 2021 contingent intent to serve expired May 12, 2026; the applicant proposes truck hauling as a fallback (T&M Review No. 2, September 11, 2026)."
DRB31,Conshohocken Data Center,Plymouth Township,,unknown,none,,"https://web.archive.org/web/20260820025259/https://chestnuthilllocal.com/stories/developer-proposes-another-hyperscale-data-center-in-montco,40801",Developer proposes another hyperscale data center in MontCo,The Chestnut Hill Local,2026-05-13,2026-09-25,,"Application states closed-loop cooling that ""will not draw water directly from the Schuylkill River nor onsite wells"" (read via web.archive.org; the live page returned HTTP 403); no supplier is named. An earlier WHYY article described well water sourced from the Schuylkill River."
DRB32,Gravel Pike Data Center,Upper Hanover Township,,unknown,none,,https://www.upperhanovertownship.org/news_detail_T14_R97.php,Data Center Update,Upper Hanover Township,2026-06-19,2026-09-25,,Township notices cover hearing scheduling only; no opened source names a water supplier.
DRB33,Linfield Data Center,Limerick Township,,unknown,none,,https://gis.limerickpa.org/publicportal/docdownload.cfm?docsession=8D8FD7B1C948DBB8DD6305469874D02B89C55427,Limerick Township portal document,Limerick Township,,2026-09-25,,"Portal link returned an HTML session page, not the document; vista.today and suburbanrealtorsalliance.com returned HTTP 403; no supplier found."
DRB34,Project Laurel,Limerick Township,Pennsylvania American Water,public_or_authority,stated_in_source,it would be provided by Pennsylvania American Water,"https://www.chestnuthilllocal.com/stories/ai-data-center-proposals-are-popping-up-along-the-schuylkill-river,39478",AI data center proposals are popping up along the Schuylkill River,The Chestnut Hill Local,2026-01-14,2026-09-25,limerick_laurel_chestnuthill_2026,"Developer attorney Ed Campbell (MCD 7 LLC): up to 1.3 million gal/day for an open cooling system, cooling type undecided. Live page returned HTTP 403; read via web.archive.org capture of 2026-05-06."
DRB37,Lower Mount Bethel Technology Center,Lower Mount Bethel Township,,unknown,none,,https://www.wfmz.com/news/local_government/zoning_planning/lower-mount-bethel-township-data-center-proposal-revised-with-community-feedback-developers-say/article_6c8fa75b-f106-442f-93de-ece0db599be0.html,"Lower Mount Bethel Township data center proposal revised with community feedback, developers say",WFMZ-TV 69 News,,2026-09-25,,Closed-loop cooling said not to draw groundwater or Delaware River water; no supplier named.
DRB38,Prologis Warehouse Data Center,Allen Township,Northampton Borough Municipal Authority (NBMA),public_or_authority,inferred_service_area,if the Northampton Borough Municipal Authority (NBMA) has sufficient water capacity to supply the facility,https://www.allentownship.org/planning/20apr26.pdf,"Allen Township Planning Commission, General Meeting minutes, April 20, 2026",Allen Township,2026-04-20,2026-09-25,allen_pc_minutes_2026,Inferred: the solicitor raised NBMA conditionally and the township water-service page lists NBMA and the City of Bethlehem as providers; LVPC still asked who will provide water. No will-serve letter found.
DRB39,Slate Belt Data Centers,Upper Mount Bethel Township,"River Pointe on-site wells (10 wells, planned authority system)",self_supplied,stated_in_source,the water supplying the plan will come from 10 different wells,https://www.wfmz.com/news/area/lehighvalley/new-water-supplier-in-town-developer-lou-pektors-river-pointe-could-set-stage-for-municipal/article_c59802b2-b96c-11ed-9b5e-274bc4ba9021.html,New water supplier in town? Developer Lou Pektor's River Pointe could set stage for municipal authority in Slate Belt,WFMZ-TV 69 News,2023-03-02,2026-09-25,river_pointe_wfmz_2023,"Statement is from the 2023 River Pointe warehouse plan (400,000 gal/day developer-built system to be dedicated to a future authority); the later data center MOU requires closed-loop or recycled/non-potable cooling water and names no supplier."
DRB40,Kline Township Data Center,Kline Township,Kline Township Municipal Authority,public_or_authority,stated_in_source,My biggest concern is not this data center. We have the water for it.,https://fox56.com/news/local/locals-express-concern-regarding-amazons-plans-for-kline-twp-data-center,Locals express concern regarding Amazon's plans for Kline Twp. data center,FOX56 (WOLF),2026-01-23,2026-09-25,kline_fox56_2026,"Statement by Aaron DeBalko, general manager of the authority, on capacity for the data center; no will-serve letter found. Coal Region Canary (HTTP 520) and Shenandoah Sentinel (HTTP 406) could not be read."
