original_url,source_url,replacement_kind,note
https://www.arrowrealestateservices.com/property/quakertown-pa-data-center-park/,https://web.archive.org/web/20260512060414/https://www.arrowrealestateservices.com/property/quakertown-pa-data-center-park/,wayback,"Original returns 404 (checked 2026-09-25); archived page titled 'Quakertown, PA Data Center Park – Arrow Real Estate Services' lists Rt 309 & Rich Hill Rd, Quakertown"
https://www.ebrandywine.org/m/newsflash/home/detail/237,https://web.archive.org/web/20260513161632/https://www.ebrandywine.org/m/newsflash/home/detail/237,wayback,"Original redirects to township 404 page (checked 2026-09-25); archived 'Curative Amendment Hearing Postponed', 2026-05-11, names 500 ER-EBY; later live update at /detail/246"
https://www.phillyburbs.com/story/business/real-estate/2026/04/17/west-rockhill-data-center-zoning-regulations-cathill-road-protest-ai/89623313007/,https://keystonenewsroom.com/news/politics/upper-bucks-supervisors-ok-new-data-center-regulations-amid-outcry/,alternate_outlet,"Original redirects to a USA Today subscriber login; Wayback holds only the redirect. Alternate: USA Today Network via Reuters Connect republication, 2026-04-20, names West Rockhill, 215 Cathill Road and National Land Developers; not compared against the paywalled original"
https://www.datacenterdynamics.com/en/news/verdantas-proposes-new-data-center-in-newark-delaware/,https://web.archive.org/web/20251219123811/https://www.datacenterdynamics.com/en/news/verdantas-proposes-new-data-center-in-newark-delaware/,wayback,"Original returns HTTP 403 to automated clients (checked 2026-09-25); archived page 'Verdantas proposes new data center in Newark, Delaware - DCD' names Verdantas, White Clay and Newark"
https://www.datacenterdynamics.com/en/news/comcast-to-convert-former-bank-into-data-center-in-new-jersey/,https://web.archive.org/web/20260819033652/https://www.datacenterdynamics.com/en/news/comcast-to-convert-former-bank-into-data-center-in-new-jersey/,wayback,Original returns HTTP 403 to automated clients (checked 2026-09-25); archived page 'Comcast to convert former bank into data center in New Jersey - DCD' names Comcast and Moorestown
https://www.datacenterdynamics.com/en/news/us-department-of-the-air-force-accepting-proposals-for-ai-data-centers-in-military-bases/,https://web.archive.org/web/20260109200403/https://www.datacenterdynamics.com/en/news/us-department-of-the-air-force-accepting-proposals-for-ai-data-centers-in-military-bases/,wayback,Original returns HTTP 403 to automated clients (checked 2026-09-25); archived page names the Department of the Air Force and Joint Base McGuire-Dix-Lakehurst
https://www.datacenterdynamics.com/en/news/american-tower-withdraws-plans-for-data-center-in-new-jersey/,https://web.archive.org/web/20260704082211/https://www.datacenterdynamics.com/en/news/american-tower-withdraws-plans-for-data-center-in-new-jersey/,wayback,"Original returns HTTP 403 to automated clients (checked 2026-09-25); archived page names American Tower, 114 Mantua Road, Mount Royal and East Greenwich"
https://www.datacenterdynamics.com/en/news/former-nursery-site-in-new-jersey-could-host-data-center/,https://web.archive.org/web/20250724133546/https://www.datacenterdynamics.com/en/news/former-nursery-site-in-new-jersey-could-host-data-center/,wayback,"Original returns HTTP 403 to automated clients (checked 2026-09-25); archived page names Princeton Nurseries, WRV Nurseries South Brunswick LLC and South Brunswick"
https://www.datacenterdynamics.com/en/news/talen-looks-to-develop-23-building-data-center-campus-in-pennsylvania/,https://www.wfmz.com/news/area/lehighvalley/northampton-county/slate-belt/making-their-case-developers-unveil-website-for-data-center-campus-with-23-buildings-in-umbt/article_3cbc6957-eb54-4e10-82e9-f43c9a3f0325.html,alternate_outlet,"Original returns HTTP 403 to automated clients and the Wayback CDX index holds no capture (checked 2026-09-25). Alternate: WFMZ report on the same 23-building campus, which names Slate Belt Holdings (River Pointe Logistics and Talen Energy) and Upper Mount Bethel Township"
https://gis.limerickpa.org/publicportal/docdownload.cfm?docsession=8D8FD7B1C948DBB8DD6305469874D02B89C55427,https://web.archive.org/web/20260716132253/https://limerickpa.org/437/Conditional-Use-Hearings,wayback,"Original is a session-bound download URL that now returns 'Download has expired'. The first replacement, the township Conditional Use Hearings page at limerickpa.org, returned HTTP 404 for every path on 2026-09-25. The Wayback capture of that page dated 2026-07-16 was opened on 2026-09-25. It lists CU 26-03, Limerick Town Center LLC (Data Center), 1301 Main Street, on the peninsula in Linfield."
https://www.poconorecord.com/story/news/local/2026/03/31/proposed-data-center-buildings-smithfield-township/89392885007/,https://web.archive.org/web/20260401051849/https://www.poconorecord.com/story/news/local/2026/03/31/proposed-data-center-buildings-smithfield-township/89392885007/,wayback,Original returned HTTP 406 to automated clients on 2026-09-25. The Wayback capture dated 2026-04-01 was opened on 2026-09-25. Its title is 'What would proposed data center project in Smithfield Twp. look like?'.
