source_url,url_http_code,url_final,url_redirects,url_check,url_error
https://6abc.com/post/residents-voice-frustration-amazon-data-center-falls-township/19509947/,200,,0,resolves,
https://berksweekly.com/news/titus-station-redevelopment-project-in-berks-county-planned-as-ai-infrastructure-campus/,200,,0,resolves,
https://delawarebusinesstimes.com/news/three-sites-data-center-conversions/,200,,0,resolves,
https://ecode360.com/AN2011/document/753256148.pdf,200,,0,resolves,
https://gis.limerickpa.org/publicportal/docdownload.cfm?docsession=8D8FD7B1C948DBB8DD6305469874D02B89C55427,200,,0,resolves,
https://jerseyvindicator.org/2026/08/01/developer-challenges-gloucester-county-data-center-ban-on-free-speech-grounds/,200,,0,resolves,
https://keystonenewsroom.com/news/politics/upper-bucks-supervisors-ok-new-data-center-regulations-amid-outcry/,200,,0,resolves,
https://limerickpa.org/437/Conditional-Use-Hearings,200,,0,resolves,
https://spotlightdelaware.org/2026/03/26/delaware-city-data-center-environmental-denial-upheld-by-state-board/,200,,0,resolves,
https://web.archive.org/web/20250724133546/https://www.datacenterdynamics.com/en/news/former-nursery-site-in-new-jersey-could-host-data-center/,200,,0,resolves,
https://web.archive.org/web/20251219123811/https://www.datacenterdynamics.com/en/news/verdantas-proposes-new-data-center-in-newark-delaware/,200,,0,resolves,
https://web.archive.org/web/20260109200403/https://www.datacenterdynamics.com/en/news/us-department-of-the-air-force-accepting-proposals-for-ai-data-centers-in-military-bases/,200,,0,resolves,
https://web.archive.org/web/20260512060414/https://www.arrowrealestateservices.com/property/quakertown-pa-data-center-park/,200,,0,resolves,
https://web.archive.org/web/20260513161632/https://www.ebrandywine.org/m/newsflash/home/detail/237,200,,0,resolves,
https://web.archive.org/web/20260704082211/https://www.datacenterdynamics.com/en/news/american-tower-withdraws-plans-for-data-center-in-new-jersey/,200,,0,resolves,
https://web.archive.org/web/20260819033652/https://www.datacenterdynamics.com/en/news/comcast-to-convert-former-bank-into-data-center-in-new-jersey/,200,,0,resolves,
https://whyy.org/articles/upper-merion-board-king-of-prussia-data-center/,200,,0,resolves,
https://www.2822news.com/news/data-centers/olyphant-residents-rally-over-proposed-triboro-data-centers/,200,,0,resolves,
https://www.arrowrealestateservices.com/property/quakertown-pa-data-center-park/,404,,0,not_found,
https://www.citizensvoice.com/2026/08/31/data-center-developer-appeals-dorrance-twp-rejection/,200,,0,resolves,
https://www.courierpostonline.com/story/news/politics/2026/05/20/millville-new-jersey-data-center-ban-cran/90176739007/,200,,0,resolves,
https://www.datacenterdynamics.com/en/news/american-tower-withdraws-plans-for-data-center-in-new-jersey/,403,,0,bot_blocked,
https://www.datacenterdynamics.com/en/news/comcast-to-convert-former-bank-into-data-center-in-new-jersey/,403,,0,bot_blocked,
https://www.datacenterdynamics.com/en/news/former-nursery-site-in-new-jersey-could-host-data-center/,403,,0,bot_blocked,
https://www.datacenterdynamics.com/en/news/talen-looks-to-develop-23-building-data-center-campus-in-pennsylvania/,403,,0,bot_blocked,
https://www.datacenterdynamics.com/en/news/us-department-of-the-air-force-accepting-proposals-for-ai-data-centers-in-military-bases/,403,,0,bot_blocked,
https://www.datacenterdynamics.com/en/news/verdantas-proposes-new-data-center-in-newark-delaware/,403,,0,bot_blocked,
https://www.ebrandywine.org/m/newsflash/home/detail/237,404,https://www.ebrandywine.org/404.aspx?nid=-404&badlink=/m/newsflash/home/detail/237,1,not_found,
https://www.idcnova.com/news/Nebius-Unveils-Details-for-1.2GW-Data-Center-Campus-in-Pennsylvania,200,,0,resolves,
https://www.inquirer.com/news/pennsylvania/pennhurst-data-center-rejected-east-vincent-20260522.html,200,,0,resolves,
https://www.mansfieldtwp.com/sites/g/files/vyhlif8026/f/news/mayor_statement-3-16-26.pdf,200,,0,resolves,
https://www.mcall.com/2026/08/06/allentown-is-facing-pressure-including-a-legal-challenge-from-data-center-developers-for-speedy-review-and-approval-emails-reveal/,200,,0,resolves,
https://www.nbcphiladelphia.com/news/local/proposed-data-center-faces-renewed-opposition-in-plymouth-township/4444474/,200,,0,resolves,
https://www.pennlive.com/news/2026/07/developer-sues-pa-town-after-it-denies-data-center-plans.html,403,,0,forbidden_to_automated_client,
https://www.phillyburbs.com/story/business/real-estate/2026/04/17/west-rockhill-data-center-zoning-regulations-cathill-road-protest-ai/89623313007/,000,https://www.usatoday.com/.cam/sso?lookup=vault1&local=XPdQnn%2FgP0GmDS9H8y2UX67nV3lYNEMheL4Nn%2BAPCyqdQ5z17vA%2BbCsMnH0VJHy9JPU5%2B534bKJ%2BqREFqQNOzLOq7QzMjUC0ZIBK6H4E4s622WPnNZE5oe27vXobTAB2rP9rqgvDutAblvVbzrwidO3elYsOi03KoRBGhXre5%2FddLz%2FFedXRfqVOS2fqrlz9xL7yv7SHlZ3YXqxNNsjFVBFXOt9yKx960hhcA6WVNvQyQXYU%2B1LzsYAdQCHAl%2B2K,2,network_error,"curl: (56) CONNECT tunnel failed, response 403"
https://www.poconorecord.com/story/news/local/2026/03/31/proposed-data-center-buildings-smithfield-township/89392885007/,200,,0,resolves,
https://www.pottsmerc.com/2026/04/01/data-center-discussion-dominates-friel-town-hall-in-north-coventry/,200,,0,resolves,
https://www.republicanherald.com/2026/02/27/community-meeting-to-be-held-for-kline-twp-data-center/,200,,0,resolves,
https://www.republicanherald.com/2026/08/31/for-now-new-castle-twp-ordinance-has-kept-data-center-development-at-bay/,200,,0,resolves,
"https://www.riverreporter.com/stories/proposed-data-center-in-clinton-township-officially-rejected,276211",200,,0,resolves,
https://www.scottkompa.com/blog/vineland-ai-data-center-housing-market/,200,,0,resolves,
https://www.standardspeaker.com/2025/09/13/developer-interested-in-recruiting-data-center-to-west-hazleton/,200,,0,resolves,
https://www.thecentersquare.com/pennsylvania/article_3b615fd8-5d36-45c4-bfb6-4a3162104f0b.html,200,,0,resolves,
https://www.thecooldown.com/green-tech/north-coventry-township-pennsylvania-opposes-data-center/,200,,0,resolves,
https://www.thetimes-tribune.com/2025/10/21/blakely-introduces-ordinance-restricting-regulating-data-centers/,200,,0,resolves,
https://www.thetimes-tribune.com/2026/03/05/quarry-files-second-legal-challenge-over-ransom-twp-data-centers/,200,,0,resolves,
https://www.thetimes-tribune.com/2026/04/07/firm-tied-to-project-gold-data-center-campus-buys-200-plus-acres-in-covington-twp/,200,,0,resolves,
https://www.thetimes-tribune.com/2026/04/30/developer-appeals-denial-to-build-four-dickson-city-data-centers/,200,,0,resolves,
https://www.thetimes-tribune.com/2026/08/02/archbalds-latest-data-center-suitor-distances-itself-from-russian-origins/,200,,0,resolves,
https://www.thetimes-tribune.com/2026/08/05/project-green-mountain-hearing-canceled-in-archbald/,200,,0,resolves,
https://www.thetimes-tribune.com/2026/09/09/archbald-council-to-decide-wildcat-ridges-fate-as-data-center-hearings-end/,200,,0,resolves,
https://www.timesleader.com/news/1733053/sugarloaf-twp-supervisors-table-ordinance-regulating-datacenters,200,,0,resolves,
https://www.tnonline.com/20260110/no-action-on-northpoint-development-plan-in-weatherly-area/,200,,0,resolves,
https://www.tnonline.com/20260224/nesquehoning-planners-ok-bitfarms-complex/,200,,0,resolves,
https://www.tnonline.com/20260304/penn-forest-oks-data-ordinance/,200,,0,resolves,
https://www.upperhanovertownship.org/news_detail_T14_R97.php,200,,0,resolves,
https://www.wfmz.com/news/area/lehighvalley/developer-ends-data-center-project-at-air-products-former-upper-macungie-headquarters/article_95bff4b5-da43-44fc-afe4-ee1872c84cd4.html,200,,0,resolves,
https://www.wfmz.com/news/area/lehighvalley/lehigh-county/allentown-area/project-atlas-under-the-microscope-long-awaited-public-meeting-happens-tomorrow/article_ee2d979d-97eb-4743-b096-2ff66b0c4f74.html,200,,0,resolves,
https://www.wfmz.com/news/area/lehighvalley/northampton-county/nazareth-northampton-area/allen-township-considering-creation-of-data-center-overlay-district/article_00461d6f-922b-421e-acbe-d8f18cd1073b.html,200,,0,resolves,
https://www.wfmz.com/news/area/lehighvalley/northampton-county/slate-belt/making-their-case-developers-unveil-website-for-data-center-campus-with-23-buildings-in-umbt/article_3cbc6957-eb54-4e10-82e9-f43c9a3f0325.html,200,,0,resolves,
https://www.wfmz.com/news/area/lehighvalley/northampton-county/slate-belt/we-will-fight-until-the-end-lower-mt-bethel-residents-pack-data-center-town-hall/article_d2b0dca6-fae7-4c83-bc29-bfbe42761882.html,200,,0,resolves,
https://www.wgal.com/article/ai-data-center-plans-withdrawn-south-annville-township/71298129,200,,0,resolves,
https://www.wgal.com/article/violent-threats-pennsylvania-ai-data-center-heightened-security/71233719,200,,0,resolves,
https://www.wnep.com/article/news/local/lackawanna-county/a-brief-reprieve-from-the-year-long-fight-against-data-centers-lackawanna-county-archbald/523-8949aae7-3e74-4350-93c0-d06e53a554d9,403,,0,forbidden_to_automated_client,
https://www.wnep.com/article/news/local/monroe-county/monroe-county-community-opposes-possible-data-center-tobyhanna-township/523-89076aa8-a890-44ec-b175-b56eb13c104b,403,,0,forbidden_to_automated_client,
https://www.wvia.org/news/local/2026-07-27/future-of-ransom-twp-property-uncertain-as-carbon-county-developer-says-no-plans-for-data-center-campus,200,,0,resolves,
https://youtu.be/U7olb-nzL4E?si=vCRlwGbX6-G6aNlM,200,https://www.youtube.com/watch?si=vCRlwGbX6-G6aNlM&v=U7olb-nzL4E&feature=youtu.be,1,resolves,
