source_url,site_ids,list,http_code,final_url,url_check,page_title,content_match,matched_terms,replacement_url,note
https://www.datacenterdynamics.com/en/news/verdantas-proposes-new-data-center-in-newark-delaware/,DRB01,main,403,,bot_blocked,Just a moment...,,,,datacenterdynamics 403 to automated client; left for manual check by user (not retried)
https://spotlightdelaware.org/2026/03/26/delaware-city-data-center-environmental-denial-upheld-by-state-board/,DRB02,main,200,,resolves,Delaware City data center environmental denial upheld on appeal,True,name:Project Washington; municipality:Delaware City; municipality:Delaware; developer:Starwood Digital Ventures,,
https://delawarebusinesstimes.com/news/three-sites-data-center-conversions/,DRB03,main,200,,resolves,Three sites across New Castle explore data center conversions,True,municipality:St. Georges; developer:Parkway Gravel,,
https://www.datacenterdynamics.com/en/news/comcast-to-convert-former-bank-into-data-center-in-new-jersey/,DRB04,main,403,,bot_blocked,Just a moment...,,,,datacenterdynamics 403 to automated client; left for manual check by user (not retried)
https://www.datacenterdynamics.com/en/news/us-department-of-the-air-force-accepting-proposals-for-ai-data-centers-in-military-bases/,DRB05,main,403,,bot_blocked,Just a moment...,,,,datacenterdynamics 403 to automated client; left for manual check by user (not retried)
https://www.mansfieldtwp.com/sites/g/files/vyhlif8026/f/news/mayor_statement-3-16-26.pdf,DRB06,main,200,,resolves,,True,visual:Tower Gate; visual:Mansfield Township,,"Scanned PDF, no text layer; page 1 rendered and read visually: Mayor Brian Sisz statement March 16, 2026, Ordinance 2026-2 re data center on Tower Gate property tabled indefinitely."
https://www.scottkompa.com/blog/vineland-ai-data-center-housing-market/,DRB07,main,200,,resolves,Vineland AI Data Center and the Housing Market | Scott Kompa Group Met,True,municipality:Vineland; developer:DataOne,,
https://www.courierpostonline.com/story/news/politics/2026/05/20/millville-new-jersey-data-center-ban-cran/90176739007/,DRB08,main,200,,resolves,Millville officials pass ban on data centers,True,municipality:Millville,,
https://www.datacenterdynamics.com/en/news/american-tower-withdraws-plans-for-data-center-in-new-jersey/,DRB09,main,403,,bot_blocked,Just a moment...,,,,datacenterdynamics 403 to automated client; left for manual check by user (not retried)
https://ecode360.com/AN2011/document/753256148.pdf,DRB10,main,200,,resolves,,True,visual:Andover (Township of Andover),,"Scanned PDF (5 pp), no text layer; rendered and read visually: Andover Township Committee special meeting agenda May 12, 2026 with Ordinance #2026-13 designating data centers a prohibited use in all zones. Developer Abbey Beta, LLC and site name not seen on the page images."
https://berksweekly.com/news/titus-station-redevelopment-project-in-berks-county-planned-as-ai-infrastructure-campus/,DRB11,main,200,,resolves,Titus Station redevelopment project in Berks County planned as AI infrastructure campus,True,partial:Titus (Titus Station),,"Article names Titus Station redevelopment / 200 MW AI data center campus in Berks County; exact strings Cumru Titus, Cumru Township, Titus Development Co. not found in retrieved text."
https://6abc.com/post/residents-voice-frustration-amazon-data-center-falls-township/19509947/,DRB12,main,200,,resolves,Residents voice frustration over Amazon data center in Falls Township - 6abc Philadelphia,True,municipality:Falls Township; municipality:Falls,,
https://www.arrowrealestateservices.com/property/quakertown-pa-data-center-park/,DRB13,main,404,,not_found,Page not found - Arrow Real Estate Services,,,https://web.archive.org/web/20260512060414/https://www.arrowrealestateservices.com/property/quakertown-pa-data-center-park/,"Live page 404 on 2026-09-25. Wayback Machine capture 2026-05-12 (HTTP 200) opened; title ""Quakertown, PA Data Center Park - Arrow Real Estate Services""; lists ""Rt 309 & Rich Hill Rd, Quakertown, PA 18951"", For Sale. Same item, archived."
https://www.phillyburbs.com/story/business/real-estate/2026/04/17/west-rockhill-data-center-zoning-regulations-cathill-road-protest-ai/89623313007/,DRB14,main,302,https://subscribe.phillyburbs.com/restricted?return=<original>&gps-source=CPROADBLOCKDH&itm_campaign=premiumroadblock (via https://www.usatoday.com/.cam/sso?lookup=vault1...),resolves_paywalled,,,,https://keystonenewsroom.com/news/politics/upper-bucks-supervisors-ok-new-data-center-regulations-amid-outcry/,"Original redirects (302) to www.usatoday.com SSO then subscribe.phillyburbs.com/restricted?...premiumroadblock (subscriber roadblock; that host not requested). Wayback holds only 302 captures of the original (2026-04-18..07-18), no article body. Alternate outlet opened (HTTP 200): keystonenewsroom.com syndication credited ""USA Today Network via Reuters Connect"", April 20, 2026; names West Rockhill, 215 Cathill Road Sellersville, National Land Developers. Likely the same USA Today Network story; text not compared against original (inaccessible)."
https://www.tnonline.com/20260224/nesquehoning-planners-ok-bitfarms-complex/,DRB15,main,200,,resolves,Nesquehoning planners OK Bitfarms complex – Times News Online,True,municipality:Nesquehoning,,
https://www.tnonline.com/20260110/no-action-on-northpoint-development-plan-in-weatherly-area/,DRB16,main,200,,resolves,No action on Northpoint Development plan in Weatherly area – Times News Online,True,municipality:Banks Township; municipality:Banks; municipality:Packer Township; municipality:Packer; developer:NorthPoint Development,,
https://www.tnonline.com/20260304/penn-forest-oks-data-ordinance/,DRB17,main,200,,resolves,Penn Forest OKs data ordinance – Times News Online,True,municipality:Penn Forest Township; municipality:Penn Forest,,
https://www.ebrandywine.org/m/newsflash/home/detail/237,DRB18,main,404,https://www.ebrandywine.org/404.aspx?nid=-404&badlink=/m/newsflash/home/detail/237,not_found,"Custom404 • East Brandywine, PA • CivicEngage",,,https://web.archive.org/web/20260513161632/https://www.ebrandywine.org/m/newsflash/home/detail/237,"Live page redirects to ebrandywine.org/404.aspx on 2026-09-25. Wayback capture 2026-05-13 (HTTP 200) opened; title ""Curative Amendment Hearing Postponed""; posted May 11, 2026 (matches source_date); names 500 ER-EBY and East Brandywine Township. Same item, archived. Later same-publisher update: https://www.ebrandywine.org/m/newsflash/home/detail/246 (live 200, ""Update on Data Center Ordinance and Validity Challenges"")."
https://www.thecooldown.com/green-tech/north-coventry-township-pennsylvania-opposes-data-center/,DRB19,main,200,,resolves,"Pennsylvania township unanimously opposes mall data center, but that may not kill it",True,municipality:North Coventry,,
https://www.pottsmerc.com/2026/04/01/data-center-discussion-dominates-friel-town-hall-in-north-coventry/,DRB20,main,200,,resolves,Data center discussion dominates Friel town hall in North Coventry,True,municipality:North Coventry,,
https://www.inquirer.com/news/pennsylvania/pennhurst-data-center-rejected-east-vincent-20260522.html,DRB21,main,200,,resolves,"Officials deny controversial 1.9 million square foot data center proposed for Pennhurst site, likely setting up a court battle",True,name:Pennhurst Data Center; municipality:East Vincent Township; municipality:East Vincent; developer:Pennhurst Holdings LLC; developer:Pennhurst Holdings,,
https://youtu.be/U7olb-nzL4E?si=vCRlwGbX6-G6aNlM,DRB22,main,200,https://www.youtube.com/watch?si=vCRlwGbX6-G6aNlM&v=U7olb-nzL4E&feature=youtu.be,resolves,Comment 1 4/24/26 East Whiteland Data Center Meeting - YouTube,True,municipality:East Whiteland,,YouTube video page; content match limited to title/description metadata
https://www.thetimes-tribune.com/2026/04/07/firm-tied-to-project-gold-data-center-campus-buys-200-plus-acres-in-covington-twp/,DRB23,main,200,,resolves,Firm tied to Project Gold data center campus buys 200-plus acres in Covington Twp.,True,name:Project Gold; municipality:Clifton; municipality:Covington Township; municipality:Covington,,
https://www.mcall.com/2026/08/06/allentown-is-facing-pressure-including-a-legal-challenge-from-data-center-developers-for-speedy-review-and-approval-emails-reveal/,DRB24,main,200,,resolves,Allentown under pressure to approve data center,True,municipality:Allentown; developer:Quantm LLC; developer:Quantm,,
https://www.wfmz.com/news/area/lehighvalley/lehigh-county/allentown-area/project-atlas-under-the-microscope-long-awaited-public-meeting-happens-tomorrow/article_ee2d979d-97eb-4743-b096-2ff66b0c4f74.html,DRB25,main,200,,resolves,Project Atlas under the microscope: Long-awaited public meeting happens tomorrow | Allentown Area | wfmz.com,True,municipality:South Whitehall Township; municipality:South Whitehall; developer:CDE Acquisitions; developer:Edged,,
https://www.wfmz.com/news/area/lehighvalley/developer-ends-data-center-project-at-air-products-former-upper-macungie-headquarters/article_95bff4b5-da43-44fc-afe4-ee1872c84cd4.html,DRB26,main,200,,resolves,Developer ends data center project at Air Products’ former Upper Macungie headquarters | Lehigh Valley Regional News | wfmz.com,True,municipality:Upper Macungie Township; municipality:Upper Macungie; developer:Air Products,,
https://www.poconorecord.com/story/news/local/2026/03/31/proposed-data-center-buildings-smithfield-township/89392885007/,DRB27,main,200,,resolves,What would proposed data center project in Smithfield Twp. look like?,True,municipality:Smithfield Township; municipality:Smithfield,,
https://www.wnep.com/article/news/local/monroe-county/monroe-county-community-opposes-possible-data-center-tobyhanna-township/523-89076aa8-a890-44ec-b175-b56eb13c104b,DRB28,main,403,,forbidden_to_automated_client,Access Denied,,,,
https://whyy.org/articles/upper-merion-board-king-of-prussia-data-center/,DRB29;DRB30;DRB35;DRB36,main,200,,resolves,Upper Merion board denies King of Prussia data center - WHYY,True,municipality:Upper Merion Township; municipality:Upper Merion,,
https://www.nbcphiladelphia.com/news/local/proposed-data-center-faces-renewed-opposition-in-plymouth-township/4444474/,DRB31,main,200,,resolves,Plymouth Township data center fight continues – NBC10 Philadelphia,True,municipality:Plymouth Township; municipality:Plymouth; developer:MLP Ventures,,
https://www.upperhanovertownship.org/news_detail_T14_R97.php,DRB32,main,200,,resolves,"Data Center Update June 19, 2026",False,,,"Publisher is the Upper Hanover Township website; post ""Data Center Update June 19, 2026"" concerns the Data Center Conditional Use Application but retrieved text does not name Gravel Pike or Hanover Development, LP."
https://gis.limerickpa.org/publicportal/docdownload.cfm?docsession=8D8FD7B1C948DBB8DD6305469874D02B89C55427,DRB33,main,200,,resolves,Limerick Township Documents,True,municipality:Limerick Township; municipality:Limerick; developer:Limerick Town Center,,
https://www.wgal.com/article/violent-threats-pennsylvania-ai-data-center-heightened-security/71233719,DRB34,main,200,,resolves,Violent threats over Pennsylvania AI data center plans prompt heightened security - WGAL,True,municipality:Limerick Township; municipality:Limerick,,
https://www.wfmz.com/news/area/lehighvalley/northampton-county/slate-belt/we-will-fight-until-the-end-lower-mt-bethel-residents-pack-data-center-town-hall/article_d2b0dca6-fae7-4c83-bc29-bfbe42761882.html,DRB37,main,200,,resolves,'We will fight until the end': Lower Mt. Bethel residents pack data center town hall | Slate Belt Area | wfmz.com,True,municipality:Lower Mount Bethel Township; municipality:Lower Mount Bethel; developer:Peron Development,,
https://www.wfmz.com/news/area/lehighvalley/northampton-county/nazareth-northampton-area/allen-township-considering-creation-of-data-center-overlay-district/article_00461d6f-922b-421e-acbe-d8f18cd1073b.html,DRB38,main,200,,resolves,Allen Township considering creation of data center overlay district | Nazareth Area | wfmz.com,True,municipality:Allen Township; municipality:Allen; developer:Prologis,,
https://www.datacenterdynamics.com/en/news/talen-looks-to-develop-23-building-data-center-campus-in-pennsylvania/,DRB39,main,403,,bot_blocked,Just a moment...,,,,datacenterdynamics 403 to automated client; left for manual check by user (not retried)
https://www.republicanherald.com/2026/02/27/community-meeting-to-be-held-for-kline-twp-data-center/,DRB40,main,200,,resolves,Community meeting to be held for Kline Twp. data center,True,municipality:Kline; developer:Amazon Web Services,,
https://www.republicanherald.com/2026/08/31/for-now-new-castle-twp-ordinance-has-kept-data-center-development-at-bay/,NM01,near_miss,200,,resolves,"For now, New Castle Twp. ordinance has kept data center development at bay – Pottsville Republican Herald",True,municipality:New Castle Township; municipality:New Castle; developer:KRNL Data Centers,,
https://www.idcnova.com/news/Nebius-Unveils-Details-for-1.2GW-Data-Center-Campus-in-Pennsylvania,NM02,near_miss,200,,resolves,Nebius Unveils Details for 1.2GW Data Center Campus in Pennsylvania,True,municipality:Butler Township; municipality:Butler; developer:Nebius,,
"https://www.riverreporter.com/stories/proposed-data-center-in-clinton-township-officially-rejected,276211",NM03,near_miss,200,,resolves,Proposed data center in Clinton Township officially rejected | The River Reporter,True,municipality:Clinton Township; municipality:Clinton; developer:Linde Corporation,,
https://www.standardspeaker.com/2025/09/13/developer-interested-in-recruiting-data-center-to-west-hazleton/,NM04,near_miss,200,,resolves,Developer interested in recruiting data center to West Hazleton,True,municipality:West Hazleton; developer:One Trinity Real Estate Investments,,
https://www.thetimes-tribune.com/2026/08/02/archbalds-latest-data-center-suitor-distances-itself-from-russian-origins/,NM05,near_miss,200,,resolves,Archbald's latest data center suitor distances itself from Russian origins,True,municipality:Archbald; developer:PNK Group,,
https://www.pennlive.com/news/2026/07/developer-sues-pa-town-after-it-denies-data-center-plans.html,NM06;NM08,near_miss,403,,forbidden_to_automated_client,pennlive.com,,,,
https://www.2822news.com/news/data-centers/olyphant-residents-rally-over-proposed-triboro-data-centers/,NM07,near_miss,200,,resolves,Olyphant residents rally over proposed TriBoro data centers | 28/22 News,True,municipality:Olyphant,,
https://www.thetimes-tribune.com/2026/08/05/project-green-mountain-hearing-canceled-in-archbald/,NM09,near_miss,200,,resolves,Project Green Mountain hearing canceled in Archbald – Scranton Times-Tribune,True,name:Project Green Mountain; municipality:Archbald; developer:Green Mountain 6,,
https://www.thecentersquare.com/pennsylvania/article_3b615fd8-5d36-45c4-bfb6-4a3162104f0b.html,NM10,near_miss,200,,resolves,"Data center $10,000-per-household idea called 'bribe' by neighbors | Pennsylvania | thecentersquare.com",True,name:Project Hazelnut; municipality:Hazle Township; municipality:Hazle; developer:NorthPoint Development,,
https://jerseyvindicator.org/2026/08/01/developer-challenges-gloucester-county-data-center-ban-on-free-speech-grounds/,NM11,near_miss,200,,resolves,Developer challenges Gloucester County data center ban on free-speech grounds • Jersey Vindicator,True,municipality:Monroe Township; municipality:Monroe; developer:Hexa Builders,,
https://www.citizensvoice.com/2026/08/31/data-center-developer-appeals-dorrance-twp-rejection/,NM12,near_miss,200,,resolves,Data center developer appeals Dorrance Twp. rejection,True,municipality:Dorrance,,
https://www.wnep.com/article/news/local/lackawanna-county/a-brief-reprieve-from-the-year-long-fight-against-data-centers-lackawanna-county-archbald/523-8949aae7-3e74-4350-93c0-d06e53a554d9,NM13;NM14;NM15,near_miss,403,,forbidden_to_automated_client,Access Denied,,,,
https://www.timesleader.com/news/1733053/sugarloaf-twp-supervisors-table-ordinance-regulating-datacenters,NM16,near_miss,200,,resolves,Sugarloaf Twp. Supervisors table ordinance regulating data centers | Times Leader,True,municipality:Sugarloaf Township; municipality:Sugarloaf; developer:LBT Investment Group LLC; developer:LBT Investment Group,,
https://www.thetimes-tribune.com/2025/10/21/blakely-introduces-ordinance-restricting-regulating-data-centers/,NM17,near_miss,200,,resolves,"Blakely introduces ordinance restricting, regulating data centers",True,municipality:Blakely Borough; municipality:Blakely,,
https://www.thetimes-tribune.com/2026/09/09/archbald-council-to-decide-wildcat-ridges-fate-as-data-center-hearings-end/,NM18,near_miss,200,,resolves,UPDATE: Wildcat Ridge's fate in Archbald council's hands as hearings end,True,municipality:Archbald Borough; municipality:Archbald; developer:Cornell Realty Management LLC; developer:Cornell Realty Management,,
https://www.datacenterdynamics.com/en/news/former-nursery-site-in-new-jersey-could-host-data-center/,NM19,near_miss,403,,bot_blocked,Just a moment...,,,,datacenterdynamics 403 to automated client; left for manual check by user (not retried)
https://www.thetimes-tribune.com/2026/04/30/developer-appeals-denial-to-build-four-dickson-city-data-centers/,NM20,near_miss,200,,resolves,Developer appeals denial to build four Dickson City data centers,True,name:Dickson City Data Centers; municipality:Dickson City; municipality:Dickson; developer:Dickson City Development LLC; developer:Kriger Construction Inc; developer:Kriger Construction,,
https://www.wgal.com/article/ai-data-center-plans-withdrawn-south-annville-township/71298129,NM21,near_miss,200,,resolves,AI data center plans withdrawn in South Annville Township - WGAL,True,municipality:South Annville Township; municipality:South Annville,,
https://www.wvia.org/news/local/2026-07-27/future-of-ransom-twp-property-uncertain-as-carbon-county-developer-says-no-plans-for-data-center-campus,NM22,near_miss,200,,resolves,Future of Ransom Twp. property uncertain as developer says 'no plans' for data center campus,True,municipality:Ransom; developer:Mudiita Group,,
https://www.thetimes-tribune.com/2026/03/05/quarry-files-second-legal-challenge-over-ransom-twp-data-centers/,NM23,near_miss,200,,resolves,Quarry files second legal challenge over Ransom Twp. data centers,True,municipality:Ransom; developer:Scranton Materials LLC; developer:Scranton Materials,,
