npdes_id,plant,row_y,constraint,allowable_cycles,plotted_x,binding,status,model_cycles
PA0020532,UPPER MONTGOMERY JOINT AUTHORITY STP,18,silica,10.71,10.71,False,assumed,4
PA0020532,UPPER MONTGOMERY JOINT AUTHORITY STP,18,chloride,8.154,8.154,False,assumed,4
PA0020532,UPPER MONTGOMERY JOINT AUTHORITY STP,18,phosphate,15.71,15.71,False,assumed,4
PA0020532,UPPER MONTGOMERY JOINT AUTHORITY STP,18,lsi,6.999,6.999,True,assumed,4
PA0026018,WEST CHESTER TAYLOR RUN STP,17,silica,10.71,10.71,False,assumed,4
PA0026018,WEST CHESTER TAYLOR RUN STP,17,chloride,8.154,8.154,False,assumed,4
PA0026018,WEST CHESTER TAYLOR RUN STP,17,phosphate,16.31,16.31,False,assumed,4
PA0026018,WEST CHESTER TAYLOR RUN STP,17,lsi,6.999,6.999,True,assumed,4
PA0020460,PENNRIDGE WWTP,16,silica,10.71,10.71,False,assumed,4
PA0020460,PENNRIDGE WWTP,16,chloride,8.154,8.154,False,assumed,4
PA0020460,PENNRIDGE WWTP,16,phosphate,6.989,6.989,True,assumed,4
PA0020460,PENNRIDGE WWTP,16,lsi,6.999,6.999,False,assumed,4
NJ0024821,FRANCIS S. DOYLE JR TREATMENT FACILITY,15,silica,10.71,10.71,False,assumed,4
NJ0024821,FRANCIS S. DOYLE JR TREATMENT FACILITY,15,chloride,6.564,6.564,False,assumed,4
NJ0024821,FRANCIS S. DOYLE JR TREATMENT FACILITY,15,phosphate,7.686,7.686,False,assumed,4
NJ0024821,FRANCIS S. DOYLE JR TREATMENT FACILITY,15,lsi,6.346,6.346,True,assumed,4
PA0031127,NORTHAMPTON BORO/ SEW,14,silica,10.71,10.71,False,assumed,4
PA0031127,NORTHAMPTON BORO/ SEW,14,chloride,9.415,9.415,False,assumed,4
PA0031127,NORTHAMPTON BORO/ SEW,14,phosphate,9.213,9.213,False,assumed,4
PA0031127,NORTHAMPTON BORO/ SEW,14,lsi,5.907,5.907,True,assumed,4
NJ0020184,NEWTON WASTEWATER TREATMENT PLANT,13,silica,10.71,10.71,False,assumed,4
NJ0020184,NEWTON WASTEWATER TREATMENT PLANT,13,chloride,5.326,5.326,True,assumed,4
NJ0020184,NEWTON WASTEWATER TREATMENT PLANT,13,phosphate,24.46,24.46,False,assumed,4
NJ0020184,NEWTON WASTEWATER TREATMENT PLANT,13,lsi,6.638,6.638,False,assumed,4
PA0026921,GR HAZLETON JT SEW AUTH WWTP,12,silica,10.71,10.71,False,assumed,4
PA0026921,GR HAZLETON JT SEW AUTH WWTP,12,chloride,8.154,8.154,False,assumed,4
PA0026921,GR HAZLETON JT SEW AUTH WWTP,12,phosphate,4.111,4.111,True,assumed,4
PA0026921,GR HAZLETON JT SEW AUTH WWTP,12,lsi,6.999,6.999,False,assumed,4
NJ0023361,WILLINGBORO WATER POLLUTION CONTROL PLANT,11,silica,10.71,10.71,False,assumed,4
NJ0023361,WILLINGBORO WATER POLLUTION CONTROL PLANT,11,chloride,6.997,6.997,False,assumed,4
NJ0023361,WILLINGBORO WATER POLLUTION CONTROL PLANT,11,phosphate,3.136,3.136,True,assumed,4
NJ0023361,WILLINGBORO WATER POLLUTION CONTROL PLANT,11,lsi,6.262,6.262,False,assumed,4
PA0028568,BANGOR BORO AUTH WWTP,10,silica,10.71,10.71,False,assumed,4
PA0028568,BANGOR BORO AUTH WWTP,10,chloride,10.96,10.96,False,assumed,4
PA0028568,BANGOR BORO AUTH WWTP,10,phosphate,3.096,3.096,True,assumed,4
PA0028568,BANGOR BORO AUTH WWTP,10,lsi,5.746,5.746,False,assumed,4
PA0025437,NORTH COVENTRY STP,9,silica,10.71,10.71,False,assumed,4
PA0025437,NORTH COVENTRY STP,9,chloride,8.154,8.154,False,assumed,4
PA0025437,NORTH COVENTRY STP,9,phosphate,3.077,3.077,True,assumed,4
PA0025437,NORTH COVENTRY STP,9,lsi,6.999,6.999,False,assumed,4
PA0026000,LCA ALLENTOWN DIVISION WWTP,8,silica,10.71,10.71,False,assumed,4
PA0026000,LCA ALLENTOWN DIVISION WWTP,8,chloride,8.154,8.154,False,assumed,4
PA0026000,LCA ALLENTOWN DIVISION WWTP,8,phosphate,1.875,1.875,True,assumed,4
PA0026000,LCA ALLENTOWN DIVISION WWTP,8,lsi,6.999,6.999,False,assumed,4
PA0026476,COALDALE LANSFORD SUMMIT HLL SEW,7,silica,10.71,10.71,False,assumed,4
PA0026476,COALDALE LANSFORD SUMMIT HLL SEW,7,chloride,8.154,8.154,False,assumed,4
PA0026476,COALDALE LANSFORD SUMMIT HLL SEW,7,phosphate,1.875,1.875,True,assumed,4
PA0026476,COALDALE LANSFORD SUMMIT HLL SEW,7,lsi,6.999,6.999,False,assumed,4
NJ0021598,PENNSVILLE SEWERAGE AUTHORITY,6,silica,10.71,10.71,False,assumed,4
NJ0021598,PENNSVILLE SEWERAGE AUTHORITY,6,chloride,5.517,5.517,False,assumed,4
NJ0021598,PENNSVILLE SEWERAGE AUTHORITY,6,phosphate,1.812,1.812,True,assumed,4
NJ0021598,PENNSVILLE SEWERAGE AUTHORITY,6,lsi,6.587,6.587,False,assumed,4
PA0020168,EAST STROUDSBURG BOROUGH WWTP,5,silica,10.71,10.71,False,assumed,4
PA0020168,EAST STROUDSBURG BOROUGH WWTP,5,chloride,8.154,8.154,False,assumed,4
PA0020168,EAST STROUDSBURG BOROUGH WWTP,5,phosphate,1.494,1.494,True,assumed,4
PA0020168,EAST STROUDSBURG BOROUGH WWTP,5,lsi,6.999,6.999,False,assumed,4
NJ0029467,MILLVILLE (WTP) CITY OF,4,silica,10.71,10.71,False,assumed,4
NJ0029467,MILLVILLE (WTP) CITY OF,4,chloride,8.847,8.847,False,assumed,4
NJ0029467,MILLVILLE (WTP) CITY OF,4,phosphate,1.482,1.482,True,assumed,4
NJ0029467,MILLVILLE (WTP) CITY OF,4,lsi,5.977,5.977,False,assumed,4
PA0026701,MORRISVILLE BOROUGH STP,3,silica,10.71,10.71,False,assumed,4
PA0026701,MORRISVILLE BOROUGH STP,3,chloride,4.626,4.626,False,assumed,4
PA0026701,MORRISVILLE BOROUGH STP,3,phosphate,1.439,1.439,True,assumed,4
PA0026701,MORRISVILLE BOROUGH STP,3,lsi,6.852,6.852,False,assumed,4
PA0026085,MATSUNK STP,2,silica,10.71,10.71,False,assumed,4
PA0026085,MATSUNK STP,2,chloride,8.154,8.154,False,assumed,4
PA0026085,MATSUNK STP,2,phosphate,1.211,1.211,True,assumed,4
PA0026085,MATSUNK STP,2,lsi,6.999,6.999,False,assumed,4
NJ0020923,TRENTON SEWER UTILITY,1,silica,10.71,10.71,False,assumed,4
NJ0020923,TRENTON SEWER UTILITY,1,chloride,5.932,5.932,False,assumed,4
NJ0020923,TRENTON SEWER UTILITY,1,phosphate,1.007,1.007,True,assumed,4
NJ0020923,TRENTON SEWER UTILITY,1,lsi,6.484,6.484,False,assumed,4
PA0021580,CATASAUQUA MUN SEW AUTH,0,silica,10.71,10.71,False,assumed,4
PA0021580,CATASAUQUA MUN SEW AUTH,0,chloride,8.154,8.154,False,assumed,4
PA0021580,CATASAUQUA MUN SEW AUTH,0,phosphate,0.8993,0.8993,True,assumed,4
PA0021580,CATASAUQUA MUN SEW AUTH,0,lsi,6.999,6.999,False,assumed,4
