row_top_to_bottom,map_number,site_id,name,label,it_mw_basis,it_mw_stated,p10_peak_day_gpd,p50_peak_day_gpd,p90_peak_day_gpd,plant_median_gpd,has_plant,right_margin_note,prob_covered,covers_p50,covers_p90,deterministic_class,class_p90_cap
1,18,DRB22,Sentinel Green Fig East Whiteland,18  Sentinel Green Fig East Whiteland,stated,241.66666666666669,1477928.0022489668,3732604.616460444,4015389.819561034,751500.0,True,P90 exceeds plant,0.0858,False,False,partial,partial
2,24,DRB07,DataOne Vineland,24  DataOne Vineland,stated,250.0,1528891.036809276,3861315.120476322,4153851.5374769312,2304500.0,True,P90 exceeds plant,0.1151,False,False,partial,partial
3,7,DRB15,Keel Infrastructure Panther Creek,7  Keel Infra. Panther Creek,stated,291.6666666666667,1783706.209610822,4504867.640555708,4846160.12705642,1200000.0,True,P90 exceeds plant,0.0903,False,False,partial,partial
4,4,DRB16,NorthPoint Spring Mountain Data Center,4  NorthPoint Spring Mountain DC,drawn_from_stated_sites,,2865096.5741768703,9144508.458146077,18236860.067951072,7381000.0,True,P90 exceeds plant,0.4528,False,False,matchable,partial
5,13,DRB14,Sellersville / West Rockhill Township Data Center,13  Sellersville,drawn_from_stated_sites,,2900548.5958644687,9149269.518390112,18173980.30442931,2871000.0,True,P90 exceeds plant,0.0994,False,False,matchable,partial
6,6,DRB40,Kline Township Data Center,6  Kline Twp DC,drawn_from_stated_sites,,2693480.5179178505,9151828.840316642,18251502.106959306,1200000.0,True,P90 exceeds plant,0.0846,False,False,partial,partial
7,23,DRB03,"St. Georges Business Park Data Center / ""Frightland Project""",23  St. Georges Business Park DC,drawn_from_stated_sites,,2824918.623645475,9157696.807665393,18246859.580340575,1200550.0,True,P90 exceeds plant,0.0841,False,False,partial,partial
8,3,DRB27,Smithfield Gateway Project,3  Smithfield Gateway Project,drawn_from_stated_sites,,2677502.8183195214,9169221.786564616,18096555.079225328,938500.0,True,P90 exceeds plant,0.0809,False,False,partial,partial
9,12,DRB32,Gravel Pike Data Center,12  Gravel Pike DC,drawn_from_stated_sites,,2908726.293271249,9171976.013055854,18234073.356691994,878500.0000000001,True,P90 exceeds plant,0.0807,False,False,partial,partial
10,9,DRB38,Prologis Warehouse Data Center,9  Prologis Warehouse DC,drawn_from_stated_sites,,2820774.423289726,9172457.449597787,17996272.245090485,815000.0,True,P90 exceeds plant,0.0794,False,False,partial,partial
11,11,DRB24,Allentown Warehouse Conversion Data Center,11  Allentown Warehouse Conversion DC,drawn_from_stated_sites,,3066039.9677996403,9174400.6292893,18184262.32346833,32250000.0,True,Plant covers P90,1.0,True,True,matchable,matchable
12,17,DRB31,Conshohocken Data Center,17  Conshohocken DC,drawn_from_stated_sites,,2907120.6149590136,9202292.109168906,18363742.56734109,2570000.0,True,P90 exceeds plant,0.0966,False,False,matchable,partial
13,21,DRB01,Newark White Clay Creek Business Park Data Center,21  Newark White Clay Creek Business Park DC,drawn_from_stated_sites,,2884054.64918755,9214336.717067037,18270750.185215157,,False,No plant within 10 mi,0.0,False,False,none,none
14,16,DRB12,AWS Keystone Trade Center Campus,16  AWS Keystone Trade Center Campus,drawn_from_stated_sites,,2844447.748703231,9217588.924479712,18242958.44520083,8835000.0,True,P90 exceeds plant,0.4607,False,False,matchable,partial
15,15,DRB33,Linfield Data Center,15  Linfield DC,drawn_from_stated_sites,,2754737.806230338,9218569.356084,18385664.450858627,721000.0,True,P90 exceeds plant,0.0781,False,False,partial,partial
16,2,DRB10,Andover Data Center,2  Andover DC,drawn_from_stated_sites,,2715969.9000230506,9223625.581137631,18083742.52556438,844500.0,True,P90 exceeds plant,0.0794,False,False,partial,partial
17,5,DRB39,Slate Belt Data Centers,5  Slate Belt DCs,drawn_from_stated_sites,,2793885.062996038,9227027.026236337,18081235.72294701,1166000.0,True,P90 exceeds plant,0.0828,False,False,partial,partial
18,20,DRB04,Comcast Moorestown,20  Comcast Moorestown,drawn_from_stated_sites,,2673608.519366062,9227320.211709864,18254341.96599366,3179000.0000000005,True,P90 exceeds plant,0.1044,False,False,matchable,partial
19,19,DRB05,Joint Base McGuire-Dix-Lakehurst,19  Joint Base McGuire-Dix-Lakehurst,drawn_from_stated_sites,,2682286.1748339627,9227990.663532402,18184436.85348505,1455000.0,True,P90 exceeds plant,0.0869,False,False,matchable,partial
20,10,DRB25,Atlas Industrial / South Whitehall Township Hyperscale Data Center Campus,10  Atlas Industrial,stated,604.1666666666667,3694820.0056224177,9331511.54115111,10038474.548902584,1120000.0,True,P90 exceeds plant,0.0798,False,False,partial,partial
21,14,DRB34,Project Laurel,14  Project Laurel,stated,625.0,3822227.59202319,9653287.801190805,10384628.843692329,721000.0,True,P90 exceeds plant,0.0765,False,False,partial,partial
22,8,DRB37,Lower Mount Bethel Technology Center,8  Lower Mount Bethel Technology Center,stated,1000.0,6115564.147237104,15445260.481905283,16615406.149907723,1166000.0,True,P90 exceeds plant,0.0766,False,False,partial,partial
23,22,DRB02,Project Washington,22  Project Washington,stated,1000.0,6115564.147237104,15445260.481905283,16615406.149907723,1200550.0,True,P90 exceeds plant,0.0768,False,False,partial,partial
24,1,DRB23,Project Gold,1  Project Gold,stated,1250.0,7644455.18404638,19306575.60238161,20769257.687384658,,False,No plant within 10 mi,0.0,False,False,none,none
