element,number,site_id,name,lon,lat,x_aea_m,y_aea_m,covered_it_mw,covered_it_class,fill,outline,radius_mi,label_dx_pt,label_dy_pt,leader,median_flow_mgd,marker_area_pt2,inside_basin,opacity
planned_site,1.0,DRB23,Project Gold,-75.51721079,41.25171332,-18200.643148026225,139065.4628636304,0.0,no eligible plant within 10 mi,#FFFFFF,solid,10.0,0.0,-4.4,False,,,,
planned_site,2.0,DRB10,Andover Data Center,-74.76603349,41.03259839,44889.45413562563,114837.85831716929,63.56512733151673,50 to 200 MW,#8F9CAF,solid,10.0,-4.4,0.0,False,,,,
planned_site,3.0,DRB27,Smithfield Gateway Project,-75.15065763,41.00617471,12559.940370997325,111777.33259022399,70.64046418073232,50 to 200 MW,#8F9CAF,dashed,10.0,0.0,4.4,False,,,,
planned_site,4.0,DRB16,NorthPoint Spring Mountain Data Center,-75.92819869,40.91668696,-52902.88966973515,102014.00364556123,555.5644817453226,over 200 MW,#1F3A5F,dashed,10.0,8.6,0.0,True,,,,
planned_site,5.0,DRB39,Slate Belt Data Centers,-75.08598,40.905949,18026.427601609317,100654.72065189549,87.76428474665306,50 to 200 MW,#8F9CAF,dashed,10.0,4.4,0.0,False,,,,
planned_site,6.0,DRB40,Kline Township Data Center,-76.01469842,40.87754226,-60222.41119834078,97721.08604472358,90.32344913892253,50 to 200 MW,#8F9CAF,solid,10.0,0.0,-4.4,False,,,,
planned_site,7.0,DRB15,Keel Infrastructure Panther Creek,-75.86678277,40.85810449,-47772.70191286855,95471.35206602297,90.32344913892253,50 to 200 MW,#8F9CAF,solid,10.0,0.0,-4.4,False,,,,
planned_site,8.0,DRB37,Lower Mount Bethel Technology Center,-75.1017816,40.82152787,16716.56000048375,91273.5334607814,87.76428474665306,50 to 200 MW,#8F9CAF,dashed,10.0,3.3000000000000003,-3.3000000000000003,False,,,,
planned_site,9.0,DRB38,Prologis Warehouse Data Center,-75.4801445,40.7015124,-15219.531084727932,77938.23285991409,61.34467587351822,50 to 200 MW,#8F9CAF,solid,10.0,4.4,0.0,False,,,,
planned_site,10.0,DRB25,Atlas Industrial / South Whitehall Township Hyperscale Data Center Campus,-75.53658984,40.64345138,-20005.603396609906,71499.8018893435,84.30188586299437,50 to 200 MW,#8F9CAF,solid,10.0,-4.4,0.0,False,,,,
planned_site,11.0,DRB24,Allentown Warehouse Conversion Data Center,-75.47433818,40.56743843,-14758.405537307277,63043.73564879178,2427.442695608543,over 200 MW,#1F3A5F,solid,10.0,4.199999999999999,-4.199999999999999,False,,,,
planned_site,12.0,DRB32,Gravel Pike Data Center,-75.5133896,40.4190452,-18104.111437101656,46567.22857902482,66.12429172378621,50 to 200 MW,#8F9CAF,dashed,10.0,-4.4,0.0,False,,,,
planned_site,13.0,DRB14,Sellersville / West Rockhill Township Data Center,-75.32982269,40.34879997,-2532.815463498039,38742.954775012884,216.09885206487215,over 200 MW,#1F3A5F,solid,10.0,4.4,0.0,False,,,,
planned_site,14.0,DRB34,Project Laurel,-75.57349531,40.23218123,-23267.828864659157,25824.890836731985,54.26933902430262,50 to 200 MW,#8F9CAF,solid,10.0,3.3000000000000003,3.3000000000000003,False,,,,
planned_site,15.0,DRB33,Linfield Data Center,-75.57527627,40.20092763,-23430.173234722504,22353.878979805395,54.26933902430262,50 to 200 MW,#8F9CAF,dashed,10.0,-3.3000000000000003,-3.3000000000000003,False,,,,
planned_site,16.0,DRB12,AWS Keystone Trade Center Campus,-74.7577123,40.16092786,46183.96857149764,18016.29240711158,665.0063942853171,over 200 MW,#1F3A5F,solid,10.0,0.0,-5.6,False,,,,
planned_site,17.0,DRB31,Conshohocken Data Center,-75.317786,40.086677,-1516.417523961839,9627.334106783115,193.44272023919245,50 to 200 MW,#8F9CAF,solid,10.0,-4.4,-1.9800000000000002,False,,,,
planned_site,18.0,DRB22,Sentinel Green Fig East Whiteland,-75.58675747,40.03918189,-24465.768561835524,4391.6332294789345,56.56506002325023,50 to 200 MW,#8F9CAF,dashed,10.0,-6.449999999999999,-6.449999999999999,True,,,,
planned_site,19.0,DRB05,Joint Base McGuire-Dix-Lakehurst,-74.608765,40.01661,58994.39409463259,2075.8836779715334,109.51718208094356,50 to 200 MW,#8F9CAF,dashed,10.0,4.4,0.0,False,,,,
planned_site,20.0,DRB04,Comcast Moorestown,-74.8896,39.98939,35040.43889722775,-1096.9556870507051,239.28187067719563,over 200 MW,#1F3A5F,solid,10.0,8.6,-3.87,True,,,,
planned_site,21.0,DRB01,Newark White Clay Creek Business Park Data Center,-75.7238784,39.68188899,-36355.26233693501,-35242.65190354607,0.0,no eligible plant within 10 mi,#FFFFFF,solid,10.0,16.0,-7.2,True,,,,
planned_site,22.0,DRB02,Project Washington,-75.6378833,39.61185181,-29009.44139725757,-43052.27774438088,90.36484738644454,50 to 200 MW,#8F9CAF,solid,10.0,9.75,-9.75,True,,,,
planned_site,23.0,DRB03,"St. Georges Business Park Data Center / ""Frightland Project""",-75.64337652,39.54430554,-29510.252321269083,-50551.40017183422,90.36484738644454,50 to 200 MW,#8F9CAF,dashed,10.0,0.0,-4.4,False,,,,
planned_site,24.0,DRB07,DataOne Vineland,-75.0167957,39.42766589,24380.552425809667,-63521.944691302226,173.4586571172058,50 to 200 MW,#8F9CAF,dashed,10.0,-4.4,0.0,False,,,,
municipal_plant,,PA0028576,ABINGTON REGIONAL WASTEWATER AUTHORITY,-75.67005,41.46751,-30906.85162607516,163079.9808563225,,,,,,,,,1.85,2.466666666666667,False,0.4
municipal_plant,,PA0026867,ABINGTON TOWNSHIP STP,-75.15459,40.13123,12389.359828629622,14585.972311155216,,,,,,,,,2.588,3.4506666666666668,True,1.0
municipal_plant,,PA0026603,AMBLER BORO STP,-75.22074,40.15504,6750.812169998257,17223.444178499252,,,,,,,,,3.91,5.213333333333333,True,1.0
municipal_plant,,PA0070351,AMITY TWP STP,-75.726571,40.2514,-36280.462174140725,28011.26159697036,,,,,,,,,0.983,1.3106666666666666,True,1.0
municipal_plant,,PA0026646,ANTIETAM VLY STP,-75.872981,40.330926,-48675.33385620537,36915.12582182375,,,,,,,,,0.7085,0.9446666666666667,True,1.0
municipal_plant,,PA0023558,ASHLAND BOROUGH WWTP,-76.33933,40.78336,-87698.88524698345,87531.23326293255,,,,,,,,,0.94715,1.2628666666666666,False,0.4
municipal_plant,,PA0028568,BANGOR BORO AUTH WWTP,-75.203577,40.854257,8127.774704597003,94894.97968460395,,,,,,,,,1.166,1.5546666666666664,True,1.0
municipal_plant,,PA0026042,BETHLEHEM CITY WWTP,-75.336528,40.620028,-3089.8213352661337,68871.65118051213,,,,,,,,,10.335,13.780000000000001,True,1.0
municipal_plant,,PA0021709,BIRDSBORO STP,-75.7964,40.26668,-42209.91177982499,29739.538651303235,,,,,,,,,0.867,1.156,True,1.0
municipal_plant,,PA0042269,BLUE ROCK WATER RESOURCE RECOVERY FAC,-76.45862,39.9845,-98928.99517326191,-1072.1462765860895,,,,,,,,,9.71,12.946666666666667,False,0.4
municipal_plant,,PA0027294,BRISTOL BOROUGH WPC PLANT,-74.862687,40.086825,37284.65863360913,9735.997692442654,,,,,,,,,1.2625,1.6833333333333331,True,1.0
municipal_plant,,PA0026450,BRISTOL TOWNSHIP STP,-74.891277,40.083443,34848.87532687464,9348.675550603435,,,,,,,,,2.4,3.1999999999999997,True,1.0
municipal_plant,,PA0029289,BRODHEAD CREEK REGIONAL AUTHORITY WWTP,-75.185717,40.98778,9614.037413417946,109729.50148487135,,,,,,,,,1.909,2.5453333333333332,True,1.0
municipal_plant,,PA0046388,BUTLER TWP - ST JOHNS STP,-76.008799,41.024448,-59594.25269762711,114035.96437942487,,,,,,,,,0.564,0.7519999999999999,False,0.4
municipal_plant,,PA0021580,CATASAUQUA MUN SEW AUTH,-75.47423,40.65367,-14730.336646909538,72622.65932218569,,,,,,,,,1.12,1.4933333333333334,True,1.0
municipal_plant,,PA0025917,CHALFONT NEW BRITAIN STP,-75.17797,40.29013,10372.911299911399,32232.753374135904,,,,,,,,,2.822,3.7626666666666666,True,1.0
municipal_plant,,PA0027316,CITY OF LEBANON AUTHORITY WWTP,-76.462464,40.337591,-98740.61648127278,38147.76812696318,,,,,,,,,5.136,6.848,False,0.4
municipal_plant,,PA0026476,COALDALE LANSFORD SUMMIT HLL SEW,-75.931853,40.814728,-53291.7187589687,90690.16002868103,,,,,,,,,1.2,1.5999999999999999,True,1.0
municipal_plant,,PA0055212,CONCORD TWP CENTRAL STP,-75.510715,39.880305,-18020.0721611207,-13272.510637171665,,,,,,,,,1.1291,1.5054666666666665,True,1.0
municipal_plant,,PA0026794,CONSHOHOCKEN BORO STP,-75.29508,40.07356,419.55576753119936,8170.276078159949,,,,,,,,,1.1065,1.4753333333333334,True,1.0
municipal_plant,,PA0063711,CTL CARBON MUN AUT,-75.7067,40.83335,-34292.512543806595,92647.06034518809,,,,,,,,,0.7795,1.0393333333333332,True,1.0
municipal_plant,,PA0023469,CTL WAYNE REG AUTH,-75.24426,41.55411,4649.3837030713785,172636.59511513868,,,,,,,,,0.8895,1.186,True,1.0
municipal_plant,,PA0026531,DARA WATER POLLUTION CONTROL PLANT,-75.7016,39.99715,-34285.16761777086,-238.53478997469531,,,,,,,,,4.87,6.493333333333333,True,1.0
municipal_plant,,PA0027103,DELCORA STP,-75.39399,39.82553,-8044.3873747704165,-19373.180595827005,,,,,,,,,31.015,41.35333333333333,True,1.0
municipal_plant,,PA0026816,EAST NORRITON PLYMOUTH STP,-75.32525,40.1076,-2152.1261746766545,11951.43742310637,,,,,,,,,4.4,5.866666666666667,True,1.0
municipal_plant,,PA0020168,EAST STROUDSBURG BOROUGH WWTP,-75.180278,40.986389,10071.801688522952,109575.58507702433,,,,,,,,,0.9385,1.2513333333333332,True,1.0
municipal_plant,,PA0027235,EASTON AREA JT SEW AUTH WWTP,-75.192941,40.679449,9047.870565743233,75477.26719260904,,,,,,,,,5.32,7.093333333333334,True,1.0
municipal_plant,,PA0023108,ELIZABETHTOWN STP,-76.624412,40.128984,-112843.35822564049,15173.039869276614,,,,,,,,,1.927,2.5693333333333332,False,0.4
municipal_plant,,PA0087181,EPHRATA REG 2 STP,-76.16088,40.19715,-73276.95578866849,22255.141009377665,,,,,,,,,1.0,1.3333333333333333,False,0.4
municipal_plant,,PA0027405,EPHRATA STP,-76.196726,40.175181,-76352.8107537362,19845.45886223402,,,,,,,,,1.971,2.628,False,0.4
municipal_plant,,PA0053180,EUREKA WWTP,-75.1929,40.23619,9111.088811376709,26239.64251698427,,,,,,,,,1.042,1.3893333333333333,True,1.0
municipal_plant,,PA0062219,FRACKVILLE AREA MUN AUTH,-76.23147,40.78604,-78594.85098261038,87727.30606948205,,,,,,,,,0.688,0.9173333333333332,False,0.4
municipal_plant,,PA0024716,FREELAND BORO MUN AUTH,-75.893532,41.027306,-49900.883281864764,114281.93879336932,,,,,,,,,0.471,0.6279999999999999,True,1.0
municipal_plant,,PA0027031,GOOSE CREEK STP,-75.58394,39.94962,-24257.39114513526,-5556.540385786169,,,,,,,,,0.916,1.2213333333333334,True,1.0
municipal_plant,,PA0026921,GR HAZLETON JT SEW AUTH WWTP,-76.022411,40.970838,-60787.4433115509,108090.02411660856,,,,,,,,,7.381,9.841333333333333,False,0.4
municipal_plant,,PA0021181,GREEN STREET STP,-75.122386,40.300287,15095.439879047619,33368.98535903491,,,,,,,,,0.764,1.0186666666666666,True,1.0
municipal_plant,,PA0021601,HAMBURG STP,-75.991944,40.551944,-58588.68566569488,61537.670403765536,,,,,,,,,0.603,0.8039999999999999,True,1.0
municipal_plant,,PA0021172,HARVEY AVENUE STP,-75.136267,40.313342,13913.00268277347,34816.820809731165,,,,,,,,,1.1445,1.526,True,1.0
municipal_plant,,PA0026247,HATFIELD TWP STP,-75.255135,40.278507,3814.3152189501807,30935.502149962293,,,,,,,,,4.81,6.413333333333332,True,1.0
municipal_plant,,PA0024058,KENNETT SQUARE BORO WWTP,-75.72463,39.836127,-36337.30643411564,-18113.12656466771,,,,,,,,,0.569835,0.7597799999999999,True,1.0
municipal_plant,,PA0031135,KUTZTOWN STP,-75.783795,40.527786,-40979.09774244288,58736.76773145765,,,,,,,,,0.8703,1.1603999999999999,True,1.0
municipal_plant,,PA0026743,LANCASTER CITY WWTP,-76.305556,40.022778,-85811.76355710879,3018.7981133470093,,,,,,,,,17.2865,23.048666666666666,False,0.4
municipal_plant,,PA0026182,LANSDALE BORO STP,-75.287224,40.256954,1086.531647143588,28540.576095176883,,,,,,,,,2.4745,3.2993333333333332,True,1.0
municipal_plant,,PA0026000,LCA ALLENTOWN DIVISION WWTP,-75.453333,40.601667,-12973.631040872026,66842.6658987775,,,,,,,,,32.25,43.0,True,1.0
municipal_plant,,PA0020320,LITITZ STP,-76.28419,40.15321,-83826.95772037648,17484.573224099677,,,,,,,,,2.6,3.466666666666667,False,0.4
municipal_plant,,PA0026166,LOG COLLEGE STP,-75.10679,40.230327,16437.956981007526,25600.871083038568,,,,,,,,,5.173,6.897333333333333,True,1.0
municipal_plant,,PA0026468,LOWER BUCKS WWTP,-74.828734,40.133475,40151.74554260716,14932.3288261814,,,,,,,,,5.99,7.986666666666666,True,1.0
municipal_plant,,PA0026361,LOWER LACKAWANNA VALLEY SANITARY AUTHORITY,-75.780179,41.348611,-40176.691734965585,149916.45320816967,,,,,,,,,3.4064,4.5418666666666665,False,0.4
municipal_plant,,PA0027065,LRBSA - ARCHBALD WWTP,-75.54685,41.52574,-20599.03644686491,169512.47225151563,,,,,,,,,2.67,3.5599999999999996,False,0.4
municipal_plant,,PA0027090,LRBSA - THROOP PLANT,-75.63191,41.4494,-27728.952360159252,161055.56719585025,,,,,,,,,5.845,7.793333333333333,False,0.4
municipal_plant,,PA0070041,MAHANOY CITY MUN SEW AUTH,-76.151424,40.80897,-71816.43707635191,90206.17908983395,,,,,,,,,0.7259,0.9678666666666667,False,0.4
municipal_plant,,PA0020893,MANHEIM STP,-76.404444,40.152667,-94069.6671592252,17545.467206353434,,,,,,,,,0.5978,0.7970666666666666,False,0.4
municipal_plant,,PA0026085,MATSUNK STP,-75.329524,40.093532,-2516.9335455297673,10388.995592376898,,,,,,,,,2.57,3.4266666666666663,True,1.0
municipal_plant,,PA0026620,MILLERSVILLE STP,-76.348333,39.985,-89511.92469256031,-1134.3622809663996,,,,,,,,,0.547,0.7293333333333334,False,0.4
municipal_plant,,PA0026701,MORRISVILLE BOROUGH STP,-74.765708,40.20362,45474.314056549316,22754.04622029457,,,,,,,,,4.206,5.6080000000000005,True,1.0
municipal_plant,,PA0045985,MOUNTAINTOP AREA JT SAN AUTH,-75.959994,41.114028,-55416.49573675918,123955.12437416909,,,,,,,,,2.71,3.6133333333333333,False,0.4
municipal_plant,,PA0021067,MT JOY STP,-76.493611,40.099167,-101744.27970969942,11702.51834437121,,,,,,,,,0.8065,1.0753333333333333,False,0.4
municipal_plant,,PA0021075,MYERSTOWN STP,-76.28923,40.37354,-83981.89392759929,41961.3135764333,,,,,,,,,0.92775,1.2369999999999999,True,1.0
municipal_plant,,PA0041742,NAZARETH BORO MUNI AUTH WWTP,-75.2857,40.73633,1207.5114483411182,81790.53493469136,,,,,,,,,0.999,1.3319999999999999,True,1.0
municipal_plant,,PA0057819,NEW HANOVER TWP AUTH STP,-75.55278,40.2812,-21489.867024944517,31264.43957350138,,,,,,,,,0.5805,0.774,True,1.0
municipal_plant,,PA0021890,NEW HOLLAND WWTP,-76.08497,40.0917,-66919.95480828614,10482.707775890734,,,,,,,,,0.755,1.0066666666666666,False,0.4
municipal_plant,,PA0027421,NORRISTOWN BOROUGH STP,-75.341849,40.110664,-3566.742624462373,12292.299402592864,,,,,,,,,4.865,6.486666666666666,True,1.0
municipal_plant,,PA0025437,NORTH COVENTRY STP,-75.627558,40.229851,-27868.196091905993,25581.72337229128,,,,,,,,,0.721,0.9613333333333333,True,1.0
municipal_plant,,PA0031127,NORTHAMPTON BORO/ SEW,-75.48813,40.68209,-15898.785373431365,75782.10120275454,,,,,,,,,0.815,1.0866666666666664,True,1.0
municipal_plant,,PA0026964,OAKS WWTP,-75.457953,40.120845,-13460.123736812586,13434.323966595624,,,,,,,,,6.729,8.972,True,1.0
municipal_plant,,PA0051985,PARK CREEK STP,-75.15951,40.21931,11954.587388208502,24368.674530586362,,,,,,,,,0.945,1.2599999999999998,True,1.0
municipal_plant,,PA0020460,PENNRIDGE WWTP,-75.312947,40.354176,-1099.4900073983854,39339.77071151336,,,,,,,,,2.871,3.828,True,1.0
municipal_plant,,PA0026689,PHILA WATER DEPT - NORTHEAST WPC PLANT,-75.08503,39.99141,18353.895141301262,-931.7196883492544,,,,,,,,,155.5,207.33333333333331,True,1.0
municipal_plant,,PA0026662,PHILA WATER DEPT - SOUTHEAST WPC PLANT,-75.14455,39.90182,13289.678144713327,-10892.778872322455,,,,,,,,,86.0,114.66666666666666,True,1.0
municipal_plant,,PA0026671,PHILA WATER DEPT - SOUTHWEST WPC PLANT,-75.21825,39.88613,6990.559812459707,-12643.840191675674,,,,,,,,,172.5,230.0,True,1.0
municipal_plant,,PA0027154,PHOENIXVILLE BORO STP,-75.50342,40.12806,-17332.78658611995,14243.641557219027,,,,,,,,,1.6655,2.2206666666666663,True,1.0
municipal_plant,,PA0020915,PINE GROVE JOINT TREATMENT AUTHORITY WWTP,-76.407396,40.536173,-93786.56189163444,60144.524456702944,,,,,,,,,0.6015,0.802,False,0.4
municipal_plant,,PA0026786,POTTSTOWN BORO STP,-75.62852,40.234541,-27948.102166765286,26102.968806563644,,,,,,,,,4.9235,6.564666666666666,True,1.0
municipal_plant,,PA0043885,POTTSVILLE MAIN STP,-76.188807,40.677786,-75116.29943464333,75665.30400654319,,,,,,,,,3.28,4.373333333333333,True,1.0
municipal_plant,,PA0020290,QUAKERTOWN BORO STP,-75.318502,40.442508,-1569.1767425089402,49151.770186132446,,,,,,,,,2.2285,2.971333333333333,True,1.0
municipal_plant,,PA0026549,READING FRITZ ISLAND WWTP,-75.92577,40.30853,-53177.381923049994,34457.941318782134,,,,,,,,,14.67,19.56,True,1.0
municipal_plant,,PA0031062,ROBESONIA WERNERSVILLE STP,-76.084444,40.349444,-66620.64371305807,39110.151060109136,,,,,,,,,0.6365555,0.8487406666666667,True,1.0
municipal_plant,,PA0029017,SCHUYLKILL HAVEN BOROUGH,-76.16984,40.62346,-73572.86176980128,69614.8341583176,,,,,,,,,0.8565,1.142,True,1.0
municipal_plant,,PA0070386,SHENANDOAH MUN SEW AUTH,-76.215389,40.813917,-77205.90962589547,90809.70311116501,,,,,,,,,0.838,1.1173333333333333,False,0.4
municipal_plant,,PA0028649,SINKING SPRING BORO STP,-76.022161,40.341203,-61338.735738935735,38149.63184996737,,,,,,,,,0.524,0.6986666666666667,True,1.0
municipal_plant,,PA0020176,SLATINGTON WWTP,-75.604065,40.758061,-25667.294208739004,84248.66517583263,,,,,,,,,0.74135,0.9884666666666666,True,1.0
municipal_plant,,PA0021857,SOUDERTON BORO STP,-75.33079,40.29628,-2617.0036089815617,32909.16405583647,,,,,,,,,1.229,1.6386666666666667,True,1.0
municipal_plant,,PA0043052,SPRING TWP STP,-76.00696,40.347813,-60041.743187112705,38873.38425288961,,,,,,,,,1.0406,1.3874666666666666,True,1.0
municipal_plant,,PA0024180,SWAMP CREEK STP,-75.60111,40.31971,-25583.98953976254,35554.90437005543,,,,,,,,,1.278,1.704,True,1.0
municipal_plant,,PA0027006,TAMAQUA BORO,-75.96833,40.79512,-56384.69828538738,88534.69809053728,,,,,,,,,1.295,1.7266666666666666,True,1.0
municipal_plant,,PA0036978,TELFORD BORO STP,-75.33902,40.32118,-3315.2915464563043,35675.27665340144,,,,,,,,,0.603,0.8039999999999999,True,1.0
municipal_plant,,PA0028380,TINICUM TWP WWTP,-75.29098,39.8727,771.465703059343,-14138.620621599008,,,,,,,,,0.59915,0.7988666666666666,True,1.0
municipal_plant,,PA0039004,TOWAMENCIN STP,-75.351667,40.229444,-4395.795494480237,25486.084325179665,,,,,,,,,3.342,4.4559999999999995,True,1.0
municipal_plant,,PA0026131,TROUT RUN STP,-75.407951,40.110568,-9200.551920027798,12286.417934264171,,,,,,,,,2.565,3.42,True,1.0
municipal_plant,,PA0029441,UPPER DUBLIN WWTP,-75.193677,40.135456,9058.468826119582,15050.615217525235,,,,,,,,,0.7165,0.9553333333333334,True,1.0
municipal_plant,,PA0023256,UPPER GWYNEDD TWP WWTP,-75.283706,40.191193,1387.0676695961029,21236.195238067838,,,,,,,,,2.57,3.4266666666666663,True,1.0
municipal_plant,,PA0020532,UPPER MONTGOMERY JOINT AUTHORITY STP,-75.50173,40.38713,-17123.00882476239,43019.76815738517,,,,,,,,,0.8785,1.1713333333333331,True,1.0
municipal_plant,,PA0025976,UPPER MORELAND HATBORO STP,-75.108025,40.156925,16350.620988599834,17447.569750562685,,,,,,,,,4.582,6.109333333333333,True,1.0
municipal_plant,,PA0053147,UPPER SAUCON SEWAGE TREATMENT AUTHORITY WWTP,-75.394059,40.55084,-7964.429266358726,61189.5944960529,,,,,,,,,1.433,1.9106666666666667,True,1.0
municipal_plant,,PA0043974,VALLEY FORGE SEWER AUTHORITY WWTP,-75.47193,40.11526,-14652.394922960402,12816.21324273734,,,,,,,,,5.12,6.826666666666666,True,1.0
municipal_plant,,PA0026018,WEST CHESTER TAYLOR RUN STP,-75.6321,39.96601,-28364.89904116421,-3721.8130310805814,,,,,,,,,0.7515,1.0019999999999998,True,1.0
municipal_plant,,PA0028584,WEST GOSHEN STP,-75.57307,39.94748,-23329.49030493372,-5797.151420585735,,,,,,,,,3.343,4.457333333333333,True,1.0
municipal_plant,,PA0026298,WHITEMARSH TOWNSHIP STP,-75.27922,40.08005,1771.8564411074435,8891.322360517946,,,,,,,,,0.8785,1.1713333333333331,True,1.0
municipal_plant,,PA0026107,WYOMING VALLEY SANITARY AUTHORITY WWTP,-75.945775,41.234889,-54124.373158263785,137372.1175560678,,,,,,,,,24.1,32.13333333333333,False,0.4
municipal_plant,,PA0026638,WYOMISSING VALLY STP,-75.9425,40.328611,-54582.81883331479,36698.6554551014,,,,,,,,,2.05,2.733333333333333,True,1.0
municipal_plant,,NJ0025241,ASBURY PARK WTP,-73.99222,40.227057,111264.9535850226,26044.074546649405,,,,,,,,,2.024,2.6986666666666665,False,0.4
municipal_plant,,NJ0024473,ATLANTIC COUNTY UTILITIES AUTH WWTF,-74.45342,39.37774,72932.7470279016,-68755.04509642151,,,,,,,,,25.585,34.11333333333333,False,0.4
municipal_plant,,NJ0024708,BAYSHORE REGIONAL SEW AUTH,-74.191057,40.4403,94051.38930844942,49497.25344728895,,,,,,,,,7.0855,9.447333333333333,False,0.4
municipal_plant,,NJ0024678,BORDENTOWN SA BLACK'S CREEK STP,-74.70424,40.13642,50756.25078939597,15323.552255483079,,,,,,,,,1.4846,1.9794666666666665,True,1.0
municipal_plant,,NJ0024660,BURLINGTON CITY WWTP,-74.871943,40.079611,36499.39847214206,8930.871854180536,,,,,,,,,1.455,1.94,True,1.0
municipal_plant,,NJ0024911,BUTTERWORTH WATER POLLUTION CONTROL UTILITY,-74.494711,40.812433,67921.61449515028,90554.3304711518,,,,,,,,,1.26,1.68,False,0.4
municipal_plant,,NJ0026182,CAMDEN CNTY WATER RESOURCE RECOVERY FACILITY,-75.127815,39.922835,14715.825491402516,-8556.10168230349,,,,,,,,,47.29,63.05333333333333,True,1.0
municipal_plant,,NJ0052990,CAPE MAY COUNTY MUA,-74.793443,39.110281,43810.695604546796,-98675.41078400348,,,,,,,,,2.6605,3.547333333333333,False,0.4
municipal_plant,,NJ0020371,CAPE MAY REG WTF,-74.961286,38.944001,29365.36332017955,-117204.74811157426,,,,,,,,,1.075,1.4333333333333331,True,1.0
municipal_plant,,NJ0021709,CENTRAL AVE WASTEWATER TREATMENT PLANT,-74.87636,40.071944,36126.86218475434,8077.484886867259,,,,,,,,,1.47,1.96,True,1.0
municipal_plant,,NJ0020290,CHATHAM TWP MAIN STP,-74.418236,40.72049,74473.69347635776,80402.8894085938,,,,,,,,,0.851,1.1346666666666665,False,0.4
municipal_plant,,NJ0024007,CINNAMINSON SA,-75.00622,40.01453,25074.033991188713,1655.5571583012863,,,,,,,,,1.3515,1.8019999999999998,True,1.0
municipal_plant,,NJ0020389,CLINTON TOWN  WWTP,-74.81611,40.65334,40910.67287444611,72683.61843584354,,,,,,,,,0.9215,1.2286666666666666,False,0.4
municipal_plant,,NJ0024651,CUMBERLAND COUNTY UTILITIES AUTHORITY,-75.234049,39.417809,5678.430967520949,-64653.467068271486,,,,,,,,,3.715,4.953333333333333,True,1.0
municipal_plant,,NJ0023507,DELRAN TWP SEWER UTILITY DEPT,-74.975641,40.038872,27673.994328658977,4368.3216846242285,,,,,,,,,1.995,2.66,True,1.0
municipal_plant,,NJ0023787,EAST WINDSOR WATER POLLUTION CONTROL PLANT,-74.562479,40.294644,62686.56871305314,32988.92132245468,,,,,,,,,2.61,3.4799999999999995,False,0.4
municipal_plant,,NJ0024031,ELMWOOD WTP,-74.881417,39.890401,35791.254052029166,-12087.844750475891,,,,,,,,,1.9175,2.5566666666666666,True,1.0
municipal_plant,,NJ0024759,EWING-LAWRENCE SA WTP,-74.72687,40.24808,48747.752842410526,27713.097062475485,,,,,,,,,6.8515,9.135333333333332,True,1.0
municipal_plant,,NJ0023701,FLORENCE TOWNSHIP STP,-74.824302,40.118583,40538.263049673005,13280.288395000971,,,,,,,,,1.5555,2.074,True,1.0
municipal_plant,,NJ0024821,FRANCIS S. DOYLE JR TREATMENT FACILITY,-74.7077,39.9764,50580.76229890598,-2451.4607610710214,,,,,,,,,1.455,1.94,True,1.0
municipal_plant,,NJ0024686,GLOUCESTER CNTY UTIL AUTH STP,-75.22521,39.852891,6398.5288689809995,-16335.991242207192,,,,,,,,,16.455,21.939999999999998,True,1.0
municipal_plant,,NJ0021369,HACKETTSTOWN MUA,-74.83095,40.81843,39558.561113446995,91015.75272335386,,,,,,,,,1.9645,2.619333333333333,True,1.0
municipal_plant,,NJ0026301,HAMILTON TWP WPCF,-74.710695,40.183063,50171.72551540159,20500.544686247104,,,,,,,,,6.9425,9.256666666666666,True,1.0
municipal_plant,,NJ0024902,HANOVER SEWERAGE AUTHORITY WTP,-74.389945,40.822285,76746.45881576717,91734.57506768008,,,,,,,,,2.02,2.6933333333333334,False,0.4
municipal_plant,,NJ0025178,HARTFORD RD WASTEWATER TREATMENT FACILITY,-74.92752,39.92029,31835.196445648075,-8785.935704870117,,,,,,,,,3.795,5.06,True,1.0
municipal_plant,,NJ0020915,LAMBERTVILLE MUNICIPAL UTILITY AUTH,-74.947,40.36691,29971.861276697324,40814.11330919554,,,,,,,,,0.69,0.9199999999999999,True,1.0
municipal_plant,,NJ0027545,LOGAN TOWNSHIP MUA,-75.377619,39.787893,-6646.9079824040155,-23554.52242382413,,,,,,,,,1.59,2.12,True,1.0
municipal_plant,,NJ0024783,LONG BRANCH SEWERAGE AUTHORITY,-73.98603,40.31294,111649.5273375469,35590.44074181551,,,,,,,,,2.535,3.38,False,0.4
municipal_plant,,NJ0024465,LONG HILL TOWNSHIP STP,-74.49081,40.66922,68396.50092694155,74649.05765352062,,,,,,,,,1.125,1.5,False,0.4
municipal_plant,,NJ0023809,LOWER TOWNSHIP MUA,-74.931285,39.004724,31938.170517374067,-110453.29672733565,,,,,,,,,1.905,2.54,True,1.0
municipal_plant,,NJ0069167,MAPLE SHADE TWP PARK AVE WWTP,-75.018773,39.967727,24019.207989717957,-3546.210801061997,,,,,,,,,2.14,2.8533333333333335,True,1.0
municipal_plant,,NJ0026832,MEDFORD TWP WASTEWATER TREATMENT PLANT,-74.80697,39.91938,42138.85892620498,-8836.48047215866,,,,,,,,,1.00935,1.3457999999999999,True,1.0
municipal_plant,,NJ0025356,MIDDLETOWN SA (TOMSA),-74.081111,40.430278,103390.91019684554,48507.08653566859,,,,,,,,,7.36,9.813333333333333,False,0.4
municipal_plant,,NJ0029467,MILLVILLE (WTP) CITY OF,-75.03486,39.37801,22841.999314343666,-69040.56685807236,,,,,,,,,2.3045,3.0726666666666667,True,1.0
municipal_plant,,NJ0024937,MOLITOR WATER POLLUTION CONTROL FACILITY,-74.370502,40.749748,78470.9258683825,83694.23223647181,,,,,,,,,2.093,2.7906666666666666,False,0.4
municipal_plant,,NJ0024694,MONMOUTH CNTY BAYSHORE OUTFALL AUTHORITY,-74.083738,40.428465,103170.8673442459,48302.64206478731,,,,,,,,,13.943,18.590666666666664,False,0.4
municipal_plant,,NJ0024996,MOORESTOWN TWP WWTP,-74.987425,39.96261,26698.599478101372,-4105.52864389054,,,,,,,,,1.865,2.4866666666666664,True,1.0
municipal_plant,,NJ0025496,MORRISTOWN  SEWER UTILITY,-74.457216,40.806156,71090.6724691731,89886.6001844352,,,,,,,,,2.6945,3.5926666666666667,False,0.4
municipal_plant,,NJ0024015,MOUNT HOLLY WPCF,-74.797534,39.995507,42897.197878086925,-376.9100722496225,,,,,,,,,3.135,4.18,True,1.0
municipal_plant,,NJ0027821,MUSCONETCONG SEWERAGE AUTHORITY,-74.718488,40.90709,48978.31811084712,100920.97823882366,,,,,,,,,2.2228,2.963733333333333,True,1.0
municipal_plant,,NJ0020184,NEWTON WASTEWATER TREATMENT PLANT,-74.747892,41.058823,46396.32673058749,117760.42413059738,,,,,,,,,0.8445,1.126,True,1.0
municipal_plant,,NJ0028142,NORTHERN WATER POLLUTION CONTROL FACILITY,-74.077952,40.045038,104251.36619402163,5724.128230595402,,,,,,,,,22.38,29.839999999999996,False,0.4
municipal_plant,,NJ0035343,OCEAN CITY REG WTF,-74.627631,39.239143,58042.06645241016,-84272.88613751132,,,,,,,,,2.55,3.3999999999999995,False,0.4
municipal_plant,,NJ0029408,OCEAN CNTY UA,-74.180197,39.907944,95722.66499529089,-9617.019699928373,,,,,,,,,19.75,26.333333333333332,False,0.4
municipal_plant,,NJ0026018,OCEAN COUNTY UTILITIES AUTHORITY - SWPCF,-74.26639,39.68087,88650.44759906777,-34923.98052185639,,,,,,,,,6.8,9.066666666666666,False,0.4
municipal_plant,,NJ0024970,PARSIPPANY TROY HILLS,-74.347697,40.84708,80279.44670177002,94526.40768087108,,,,,,,,,8.665,11.553333333333331,False,0.4
municipal_plant,,NJ0021598,PENNSVILLE SEWERAGE AUTHORITY,-75.541673,39.639085,-20740.914973487572,-40055.1077913238,,,,,,,,,1.20055,1.6007333333333333,True,1.0
municipal_plant,,NJ0024716,PHILLIPSBURG TOWN STP,-75.177009,40.680599,10394.151835766283,75606.76997642206,,,,,,,,,2.763,3.6839999999999997,True,1.0
municipal_plant,,NJ0023728,PINE BROOK STP,-74.35065,40.31708,80663.82851955779,35652.98804969213,,,,,,,,,6.3,8.399999999999999,False,0.4
municipal_plant,,NJ0022047,RARITAN TOWNSHIP MUA STP,-74.805164,40.517687,41920.58876896394,57620.14736178623,,,,,,,,,2.52,3.36,False,0.4
municipal_plant,,NJ0098922,READINGTON-LEBANON SA,-74.762663,40.625213,45448.34146271923,69585.3441063572,,,,,,,,,0.643058,0.8574106666666667,False,0.4
municipal_plant,,NJ0022349,ROCKAWAY VALLEY REG SA,-74.392279,40.896288,76465.08202454555,99952.89281774854,,,,,,,,,10.156,13.541333333333334,False,0.4
municipal_plant,,NJ0022675,ROXBURY TOWNSHIP,-74.642298,40.841516,55449.65745380324,93681.80070124909,,,,,,,,,1.447,1.9293333333333333,False,0.4
municipal_plant,,NJ0024562,SOUTH MONMOUTH REGIONAL SA,-74.04492,40.16883,106873.56042178988,19512.081769259086,,,,,,,,,5.82,7.76,False,0.4
municipal_plant,,NJ0031119,STONY BROOK RSA- RIVER ROAD STP,-74.622222,40.383333,57533.0795145479,42799.35693128483,,,,,,,,,8.475,11.299999999999999,False,0.4
municipal_plant,,NJ0053350,SUSSEX CNTY MUA UPPER WALLKILL FACILITY,-74.592098,41.147059,59409.58202390231,127655.52707579936,,,,,,,,,1.4335,1.9113333333333333,False,0.4
municipal_plant,,NJ0024872,TNSA SEWERAGE TREATMENT PLANT,-74.062998,40.201151,105283.95124590542,23080.025346005394,,,,,,,,,4.78,6.373333333333333,False,0.4
municipal_plant,,NJ0024520,TOWNSHIP OF OCEAN  SEWERAGE AUTHORITY,-74.00203,40.25977,110376.94676468821,29664.9881957522,,,,,,,,,4.7975,6.3966666666666665,False,0.4
municipal_plant,,NJ0020923,TRENTON SEWER UTILITY,-74.726642,40.175727,48819.35718785012,19676.779102626955,,,,,,,,,8.835,11.780000000000001,True,1.0
municipal_plant,,NJ0029386,TWO BRIDGES WASTEWATER TREATMENT PLANT,-74.273994,40.903811,86419.0977955739,100897.71079846198,,,,,,,,,5.3425,7.123333333333333,False,0.4
municipal_plant,,NJ0026735,TWO RIVERS WATER RECLAMATION AUTHORITY,-73.991718,40.336956,111126.70218337141,38250.62078050538,,,,,,,,,9.8,13.066666666666666,False,0.4
municipal_plant,,NJ0021113,WASHINGTON BORO WASTEWATER TREATMENT FACILITY,-74.99551,40.75474,25704.442793177972,83879.87395949604,,,,,,,,,0.54205,0.7227333333333333,True,1.0
municipal_plant,,NJ0053007,WILDWOOD/LOWER REGION WTF,-74.87401,39.013371,36894.6734170921,-109471.01419865954,,,,,,,,,9.529,12.705333333333332,False,0.4
municipal_plant,,NJ0023361,WILLINGBORO WATER POLLUTION CONTROL PLANT,-74.91935,40.027628,32482.04669326976,3138.6537132674143,,,,,,,,,3.179,4.238666666666666,True,1.0
municipal_plant,,NJ0024929,WOODLAND WATER POLLUTION CONTROL UTILITY(WPCU,-74.46346,40.775629,70596.13727266915,86490.60333028816,,,,,,,,,0.715,0.9533333333333333,False,0.4
municipal_plant,,NJ0024040,WOODSTREAM STP,-74.881417,39.890401,35791.254052029166,-12087.844750475891,,,,,,,,,0.9725,1.2966666666666666,True,1.0
municipal_plant,,DE0020320,CITY OF WILMINGTON REGIONAL WWTP,-75.516033,39.735962,-18514.101529254916,-29302.1626772117,,,,,,,,,63.33,84.44,True,1.0
municipal_plant,,DE0020338,KENT COUNTY WASTEWATER TREATMENT FACILITY,-75.437604,38.998212,-11920.44435098127,-111233.65538575468,,,,,,,,,11.89,15.853333333333333,True,1.0
municipal_plant,,DE0020028,REHOBOTH BEACH WASTEWATER TREATMENT PLANT,-75.093278,38.700111,17985.54343169632,-144312.48868905051,,,,,,,,,1.231,1.6413333333333333,False,0.4
municipal_plant,,DE0020265,SEAFORD WASTEWATER TREATMENT PLANT,-75.617155,38.634496,-27619.741874689833,-151566.5957855537,,,,,,,,,1.3346,1.7794666666666665,False,0.4
municipal_plant,,DE0020010,SELBYVILLE WASTEWATER TREATMENT FACILITY,-75.2182,38.47114,7140.448411126868,-169742.44134302068,,,,,,,,,1.03315,1.3775333333333333,False,0.4
municipal_plant,,DE0050008,SOUTH COASTAL REGIONAL WASTEWATER,-75.090427,38.523212,18280.213528119235,-163945.24628295898,,,,,,,,,3.2,4.266666666666667,False,0.4
municipal_plant,,NY0020389,CATSKILL (V) WWTP,-73.853556,42.212111,119447.50818669148,246702.24451389772,,,,,,,,,0.8045,1.0726666666666667,False,0.4
municipal_plant,,NY0030724,CONSOLIDATED KIAMESHA SEWER DISTRICT,-74.657472,41.660944,53507.66070253509,184697.37290179572,,,,,,,,,0.3417,0.4556,True,1.0
municipal_plant,,NY0022144,CORNWALL (T) WWTP,-74.02087,41.45254,106854.5648813527,162126.62297439107,,,,,,,,,0.941,1.2546666666666666,False,0.4
municipal_plant,,NY0033545,COXSACKIE (V) STP,-73.79325,42.34925,124167.07989520558,262014.38502223126,,,,,,,,,1.073,1.4306666666666665,False,0.4
municipal_plant,,NY0029351,KINGSTON (C) WWTP,-73.97896,41.92027,109577.64216580166,214128.4478736545,,,,,,,,,4.402,5.8693333333333335,False,0.4
municipal_plant,,NY0027901,OCSD #1 HARRIMAN STP,-74.145576,41.312383,96641.29633233533,146414.7851738205,,,,,,,,,5.075,6.766666666666667,False,0.4
municipal_plant,,NY0021563,ULSTER (T) SD STP,-73.99929,41.96457,107818.91183544483,219023.4911803824,,,,,,,,,1.17685,1.5691333333333333,False,0.4
municipal_plant,,NY0030490,WALDEN (V) STP,-74.242238,41.528241,88262.35671959218,170290.43419768199,,,,,,,,,0.025,0.39999999999999997,False,0.4
reference_city,,,Trenton,-74.7636236,40.22384059999999,45638.0673598916,25001.086375929095,,,,,,-3.2,-1.4400000000000002,,,,,
reference_city,,,Wilmington,-75.5321041,39.7356508,-19891.488091905507,-29333.22669089915,,,,,,3.2,0.0,,,,,
reference_city,,,Allentown,-75.4783928,40.5936476,-15095.759325635836,65955.82610491935,,,,,,-3.2,-1.4400000000000002,,,,,
reference_city,,,Scranton,-75.6659531,41.4041516,-30593.86258025891,156040.3944455007,,,,,,-3.2,0.0,,,,,
reference_city,,,Philadelphia,-75.1332708,40.00929729999999,14231.402522312788,1046.078071794508,,,,,,-2.4000000000000004,-2.4000000000000004,,,,,
