it_load_mw,architecture,annual_mean_gpd,max_annual_mean_gpd,r30_annual_mean_gpd,r30_max_gpd,r30_max_end_date,r30_max_gpd_all30,below_trigger_30day_all30,peak_day_p99_gpd,peak_day_max_gpd,peak_day_max_date,below_trigger_30day,above_trigger_peak_day,days_over_trigger_total,valid_years_daily,days_per_year_over_trigger,days_30day_window_over_trigger_total,valid_years_30day_windows,days_per_year_30day_window_over_trigger,share_over_days_flow_below_doy_p25,share_over_days_flow_below_7q10,n_nan_days,n_valid_30day_windows,n_valid_30day_windows_all30,blind_spot_strict,blind_spot_loose,review_if_self_supplied,review_if_purchased,calibration,hybrid_t_sw_c,hybrid_gamma,hybrid_twb_ref_c
50,evaporative_tower,751422.5777777778,751422.5777777779,751422.5777777776,751422.5777777779,2006-02-03,751422.5777777779,False,751422.5777777778,751422.5777777778,2005-01-01,False,True,7204,19.72347707049966,365.25,7097,19.430527036276523,365.25,0.2487506940588562,0.0,101,7097,6290,False,False,True,False,primary,22.376079484950605,0.4294298328088379,28.59456074552016
50,hybrid,20418.963229155717,39571.57914686784,20359.025448714965,212218.6035397406,2013-07-23,212218.6035397406,False,352307.70425250684,664279.3269300051,2011-07-22,False,True,535,19.72347707049966,27.12503470294281,481,19.430527036276523,24.754861208961533,0.23925233644859814,0.0,101,7097,6290,False,True,True,False,primary,22.376079484950605,0.4294298328088379,28.59456074552016
50,air_cooled_chiller,0.0,0.0,0.0,0.0,2005-01-27,0.0,True,0.0,0.0,2005-01-01,True,False,0,19.72347707049966,0.0,0,19.430527036276523,0.0,,,101,7097,6290,False,False,False,False,primary,22.376079484950605,0.4294298328088379,28.59456074552016
100,evaporative_tower,1502845.1555555556,1502845.1555555558,1502845.1555555551,1502845.1555555558,2006-02-03,1502845.1555555558,False,1502845.1555555556,1502845.1555555556,2005-01-01,False,True,7204,19.72347707049966,365.25,7097,19.430527036276523,365.25,0.2487506940588562,0.0,101,7097,6290,False,False,True,False,primary,22.376079484950605,0.4294298328088379,28.59456074552016
100,hybrid,40837.926458311435,79143.15829373569,40718.05089742993,424437.2070794812,2013-07-23,424437.2070794812,False,704615.4085050137,1328558.6538600102,2011-07-22,False,True,706,19.72347707049966,35.79490560799556,1104,19.430527036276523,56.8178103423982,0.24079320113314448,0.0,101,7097,6290,False,True,True,False,primary,22.376079484950605,0.4294298328088379,28.59456074552016
100,air_cooled_chiller,0.0,0.0,0.0,0.0,2005-01-27,0.0,True,0.0,0.0,2005-01-01,True,False,0,19.72347707049966,0.0,0,19.430527036276523,0.0,,,101,7097,6290,False,False,False,False,primary,22.376079484950605,0.4294298328088379,28.59456074552016
200,evaporative_tower,3005690.311111111,3005690.3111111117,3005690.3111111103,3005690.3111111117,2006-02-03,3005690.3111111117,False,3005690.311111111,3005690.311111111,2005-01-01,False,True,7204,19.72347707049966,365.25,7097,19.430527036276523,365.25,0.2487506940588562,0.0,101,7097,6290,False,False,True,False,primary,22.376079484950605,0.4294298328088379,28.59456074552016
200,hybrid,81675.85291662287,158286.31658747137,81436.10179485986,848874.4141589624,2013-07-23,848874.4141589624,False,1409230.8170100274,2657117.3077200204,2011-07-22,False,True,815,19.72347707049966,41.32131454747363,1718,19.430527036276523,88.41757080456532,0.24539877300613497,0.0,101,7097,6290,False,True,True,False,primary,22.376079484950605,0.4294298328088379,28.59456074552016
200,air_cooled_chiller,0.0,0.0,0.0,0.0,2005-01-27,0.0,True,0.0,0.0,2005-01-01,True,False,0,19.72347707049966,0.0,0,19.430527036276523,0.0,,,101,7097,6290,False,False,False,False,primary,22.376079484950605,0.4294298328088379,28.59456074552016
400,evaporative_tower,6011380.622222222,6011380.622222223,6011380.6222222205,6011380.622222223,2006-02-03,6011380.622222223,False,6011380.622222222,6011380.622222222,2005-01-01,False,True,7204,19.72347707049966,365.25,7097,19.430527036276523,365.25,0.2487506940588562,0.0,101,7097,6290,False,False,True,False,primary,22.376079484950605,0.4294298328088379,28.59456074552016
400,hybrid,163351.70583324574,316572.63317494275,162872.20358971972,1697748.8283179249,2013-07-23,1697748.8283179249,False,2818461.6340200547,5314234.615440041,2011-07-22,False,True,879,19.72347707049966,44.566178511937814,2040,19.430527036276523,104.98943215443146,0.2525597269624573,0.0,101,7097,6290,False,False,True,False,primary,22.376079484950605,0.4294298328088379,28.59456074552016
400,air_cooled_chiller,0.0,0.0,0.0,0.0,2005-01-27,0.0,True,0.0,0.0,2005-01-01,True,False,0,19.72347707049966,0.0,0,19.430527036276523,0.0,,,101,7097,6290,False,False,False,False,primary,22.376079484950605,0.4294298328088379,28.59456074552016
