npdes_id,name,state,receiving_water,site_ids,same_state_option_for,median_flow_mgd,wqp_source,silica,silica_basis,calcium,calcium_basis,alkalinity,alkalinity_basis,tds,tds_basis,chloride,chloride_basis,po4,po4_basis,status,cycles_silica,cycles_chloride,cycles_phosphate,cycles_lsi,binding_constraint,allowable_cycles,feasible_above_1,makeup_per_evap,blowdown_per_evap,min_return_flow_pct,allowable_cycles_low,allowable_cycles_high,binding_without_phosphate,allowable_cycles_without_phosphate,min_return_flow_pct_without_phosphate,cycles_lsi_uncapped_ph,lsi_at_model_cycles,ph_at_model_cycles,ph_eq_at_model_cycles,model_cycles,model_min_return_flow_pct,makeup_vs_model,peak_day_makeup_gpd_per_mw_it
PA0021580,CATASAUQUA MUN SEW AUTH,PA,LEHIGH RIVER,DRB25,DRB25,1.12,wqp_unavailable,14,literature (assumed),60,literature (assumed),131,literature (assumed),730,literature (assumed),130,literature (assumed),16.68,plant DMR total P as PO4 (35 months),assumed,10.71,8.154,0.8993,6.999,phosphate,0.8993,False,,,,0.8993,0.8993,lsi,6.999,14.29,2.723,2.102,8.5,9.331,4,25,,
NJ0020923,TRENTON SEWER UTILITY,NJ,DELAWARE RIVER,DRB12,,8.835,wqp_unavailable,14,literature (assumed),60,literature (assumed),131,literature (assumed),519,plant DMR (4 months),178.7,DMR TDS x median Cl/TDS (assumed),14.9,plant DMR total P as PO4 (4 months),assumed,10.71,5.932,1.007,6.484,phosphate,1.007,True,152.3,151.3,99.34,1.007,1.007,chloride,5.932,16.86,2.594,2.151,8.5,9.342,4,25,114.2,1.517e+06
PA0026085,MATSUNK STP,PA,"UNNAMED TRIB TO SCHUYLKILL RIVER, UNT TO SCHUYLKILL RIVER",DRB31,DRB31,2.57,wqp_unavailable,14,literature (assumed),60,literature (assumed),131,literature (assumed),730,literature (assumed),130,literature (assumed),12.39,plant DMR total P as PO4 (36 months),assumed,10.71,8.154,1.211,6.999,phosphate,1.211,True,5.741,4.741,82.58,1.211,1.211,lsi,6.999,14.29,2.723,2.102,8.5,9.331,4,25,4.306,5.721e+04
PA0026701,MORRISVILLE BOROUGH STP,PA,DELAWARE RIVER,,DRB12,4.206,wqp_unavailable,14,literature (assumed),60,literature (assumed),131,literature (assumed),665.5,plant DMR (36 months),229.1,DMR TDS x median Cl/TDS (assumed),10.42,plant DMR total P as PO4 (36 months),assumed,10.71,4.626,1.439,6.852,phosphate,1.439,True,3.279,2.279,69.5,1.439,1.439,chloride,4.626,21.62,2.685,2.116,8.5,9.334,4,25,2.459,3.267e+04
NJ0029467,MILLVILLE (WTP) CITY OF,NJ,MAURICE RIVER,DRB07,DRB07,2.304,wqp_unavailable,14,literature (assumed),60,literature (assumed),131,literature (assumed),348,plant DMR (12 months),119.8,DMR TDS x median Cl/TDS (assumed),10.12,plant DMR total P as PO4 (36 months),assumed,10.71,8.847,1.482,5.977,phosphate,1.482,True,3.073,2.073,67.46,1.482,1.482,lsi,5.977,16.73,2.467,2.205,8.5,9.355,4,25,2.305,3.062e+04
PA0020168,EAST STROUDSBURG BOROUGH WWTP,PA,BRODHEAD CREEK,DRB27,DRB27,0.9385,wqp_unavailable,14,literature (assumed),60,literature (assumed),131,literature (assumed),730,literature (assumed),130,literature (assumed),10.04,plant DMR total P as PO4 (36 months),assumed,10.71,8.154,1.494,6.999,phosphate,1.494,True,3.025,2.025,66.94,1.494,1.494,lsi,6.999,14.29,2.723,2.102,8.5,9.331,4,25,2.269,3.014e+04
NJ0021598,PENNSVILLE SEWERAGE AUTHORITY,NJ,DELAWARE RIVER,"DRB02, DRB03",,1.201,wqp_unavailable,14,literature (assumed),60,literature (assumed),131,literature (assumed),558,plant DMR (12 months),192.1,DMR TDS x median Cl/TDS (assumed),8.279,plant DMR total P as PO4 (26 months),assumed,10.71,5.517,1.812,6.587,phosphate,1.812,True,2.232,1.232,55.19,1.812,1.812,chloride,5.517,18.12,2.619,2.141,8.5,9.34,4,25,1.674,2.224e+04
PA0026476,COALDALE LANSFORD SUMMIT HLL SEW,PA,PANTHER CREEK,"DRB15, DRB40","DRB15, DRB40",1.2,wqp_unavailable,14,literature (assumed),60,literature (assumed),131,literature (assumed),730,literature (assumed),130,literature (assumed),8,literature (assumed),assumed,10.71,8.154,1.875,6.999,phosphate,1.875,True,2.143,1.143,53.33,1.875,1.875,lsi,6.999,14.29,2.723,2.102,8.5,9.331,4,25,1.607,2.135e+04
PA0026000,LCA ALLENTOWN DIVISION WWTP,PA,LEHIGH RIVER,DRB24,DRB24,32.25,wqp_unavailable,14,literature (assumed),60,literature (assumed),131,literature (assumed),730,literature (assumed),130,literature (assumed),8,literature (assumed),assumed,10.71,8.154,1.875,6.999,phosphate,1.875,True,2.143,1.143,53.33,1.875,1.875,lsi,6.999,14.29,2.723,2.102,8.5,9.331,4,25,1.607,2.135e+04
PA0025437,NORTH COVENTRY STP,PA,SCHUYLKILL RIVER,"DRB33, DRB34","DRB33, DRB34",0.721,wqp_unavailable,14,literature (assumed),60,literature (assumed),131,literature (assumed),730,literature (assumed),130,literature (assumed),4.875,plant DMR total P as PO4 (35 months),assumed,10.71,8.154,3.077,6.999,phosphate,3.077,True,1.482,0.4815,32.5,2.398,3.077,lsi,6.999,14.29,2.723,2.102,8.5,9.331,4,25,1.111,1.476e+04
PA0028568,BANGOR BORO AUTH WWTP,PA,"MARTINS CREEK, UNNAMED STREAM","DRB37, DRB39","DRB37, DRB39",1.166,wqp_unavailable,14,literature (assumed),60,literature (assumed),131,literature (assumed),281,plant DMR (35 months),96.75,DMR TDS x median Cl/TDS (assumed),4.845,plant DMR total P as PO4 (35 months),assumed,10.71,10.96,3.096,5.746,phosphate,3.096,True,1.477,0.477,32.3,2.071,3.096,lsi,5.746,17.4,2.41,2.231,8.5,9.361,4,25,1.108,1.472e+04
NJ0023361,WILLINGBORO WATER POLLUTION CONTROL PLANT,NJ,RANCOCAS CREEK,DRB04,DRB04,3.179,wqp_unavailable,14,literature (assumed),60,literature (assumed),131,literature (assumed),440,plant DMR (12 months),151.5,DMR TDS x median Cl/TDS (assumed),4.783,plant DMR total P as PO4 (36 months),assumed,10.71,6.997,3.136,6.262,phosphate,3.136,True,1.468,0.4682,31.89,2.204,3.136,lsi,6.262,15.97,2.538,2.174,8.5,9.348,4,25,1.101,1.463e+04
PA0026921,GR HAZLETON JT SEW AUTH WWTP,PA,"BLACK CREEK, CRANBERRY CREEK, HAZLE CREEK, UNNAMED TRIB TO BLACK CREEK, UNT TO BLACK CREEK",DRB16,DRB16,7.381,wqp_unavailable,14,literature (assumed),60,literature (assumed),131,literature (assumed),730,literature (assumed),130,literature (assumed),3.649,plant DMR total P as PO4 (35 months),assumed,10.71,8.154,4.111,6.999,phosphate,4.111,True,1.321,0.3214,24.32,2.398,4.111,lsi,6.999,14.29,2.723,2.102,8.5,9.331,4,25,0.9911,1.317e+04
NJ0020184,NEWTON WASTEWATER TREATMENT PLANT,NJ,PAULINS KILL,DRB10,DRB10,0.8445,wqp_unavailable,14,literature (assumed),60,literature (assumed),131,literature (assumed),578,plant DMR (12 months),199,DMR TDS x median Cl/TDS (assumed),0.6132,plant DMR total P as PO4 (36 months),assumed,10.71,5.326,24.46,6.638,chloride,5.326,True,1.231,0.2311,18.77,2.302,5.326,chloride,5.326,18.77,2.632,2.136,8.5,9.339,4,25,0.9234,1.227e+04
PA0031127,NORTHAMPTON BORO/ SEW,PA,HOKENDAUQUA CREEK,DRB38,DRB38,0.815,wqp_unavailable,14,literature (assumed),60,literature (assumed),131,literature (assumed),327,plant DMR (35 months),112.6,DMR TDS x median Cl/TDS (assumed),1.628,plant DMR total P as PO4 (35 months),assumed,10.71,9.415,9.213,5.907,lsi,5.907,True,1.204,0.2038,16.93,2.112,9.213,lsi,5.907,16.93,2.45,2.212,8.5,9.357,4,25,0.9028,1.199e+04
NJ0024821,FRANCIS S. DOYLE JR TREATMENT FACILITY,NJ,NORTH BRANCH RANCOCAS CREEK,DRB05,DRB05,1.455,wqp_unavailable,14,literature (assumed),60,literature (assumed),131,literature (assumed),469,plant DMR (12 months),161.5,DMR TDS x median Cl/TDS (assumed),1.952,plant DMR total P as PO4 (36 months),assumed,10.71,6.564,7.686,6.346,lsi,6.346,True,1.187,0.1871,15.76,2.225,6.564,lsi,6.346,15.76,2.559,2.165,8.5,9.346,4,25,0.8903,1.183e+04
PA0020460,PENNRIDGE WWTP,PA,EAST BRANCH PERKIOMEN CREEK,DRB14,DRB14,2.871,wqp_unavailable,14,literature (assumed),60,literature (assumed),131,literature (assumed),730,literature (assumed),130,literature (assumed),2.146,plant DMR total P as PO4 (36 months),assumed,10.71,8.154,6.989,6.999,phosphate,6.989,True,1.167,0.167,14.31,2.398,6.989,lsi,6.999,14.29,2.723,2.102,8.5,9.331,4,25,0.8752,1.163e+04
PA0020532,UPPER MONTGOMERY JOINT AUTHORITY STP,PA,"PERKIOMEN CREEK, UNNAMED TRIB TO PERKIOMEN CREEK, UNT TO PERKIOMEN CREEK",DRB32,DRB32,0.8785,wqp_unavailable,14,literature (assumed),60,literature (assumed),131,literature (assumed),730,literature (assumed),130,literature (assumed),0.9551,plant DMR total P as PO4 (36 months),assumed,10.71,8.154,15.71,6.999,lsi,6.999,True,1.167,0.1667,14.29,2.398,8.154,lsi,6.999,14.29,2.723,2.102,8.5,9.331,4,25,0.875,1.163e+04
PA0026018,WEST CHESTER TAYLOR RUN STP,PA,TAYLOR RUN,DRB22,DRB22,0.7515,wqp_unavailable,14,literature (assumed),60,literature (assumed),131,literature (assumed),730,literature (assumed),130,literature (assumed),0.9198,plant DMR total P as PO4 (36 months),assumed,10.71,8.154,16.31,6.999,lsi,6.999,True,1.167,0.1667,14.29,2.398,8.154,lsi,6.999,14.29,2.723,2.102,8.5,9.331,4,25,0.875,1.163e+04
