climatic_year,n_days,complete,n_provisional,min7_cfs,min7_end_date
1913,182,False,0,3042.8571428571427,1912-10-22
1914,365,True,0,1951.4285714285713,1913-09-18
1915,365,True,0,1308.5714285714287,1914-11-06
1916,366,True,0,3298.5714285714284,1915-07-02
1917,365,True,0,2000.0,1916-10-18
1918,365,True,0,2000.0,1917-10-01
1919,365,True,0,1614.2857142857142,1918-08-30
1920,366,True,0,3214.285714285714,1920-03-04
1921,365,True,0,3947.1428571428573,1920-09-07
1922,365,True,0,1951.4285714285713,1921-09-21
1923,365,True,0,1560.0,1922-12-07
1924,366,True,0,1422.857142857143,1923-08-28
1925,365,True,0,1835.7142857142858,1924-11-23
1926,365,True,0,2118.5714285714284,1925-09-06
1927,365,True,0,2050.0,1926-07-18
1928,366,True,0,3231.4285714285716,1927-10-03
1929,365,True,0,3212.8571428571427,1928-11-20
1930,365,True,0,2018.5714285714287,1929-09-07
1931,365,True,0,1668.5714285714287,1930-10-26
1932,366,True,0,1661.4285714285713,1931-10-29
1933,365,True,0,1340.0,1932-09-27
1934,365,True,0,2772.8571428571427,1933-07-27
1935,365,True,0,2691.4285714285716,1934-08-26
1936,366,True,0,2390.0,1935-10-29
1937,365,True,0,2244.285714285714,1936-09-30
1938,365,True,0,3404.285714285714,1937-10-16
1939,365,True,0,4535.714285714285,1938-09-11
1940,366,True,0,1737.142857142857,1939-09-22
1941,365,True,0,2795.714285714286,1940-08-27
1942,365,True,0,1492.857142857143,1941-09-28
1943,365,True,0,4604.285714285715,1942-09-09
1944,366,True,0,1781.4285714285713,1943-10-02
1945,365,True,0,1670.0,1944-09-12
1946,365,True,0,6574.285714285715,1946-02-27
1947,365,True,0,2792.8571428571427,1946-09-21
1948,366,True,0,2844.285714285714,1947-10-28
1949,365,True,0,2562.8571428571427,1948-11-05
1950,365,True,0,2021.4285714285713,1949-08-29
1951,365,True,0,2721.4285714285716,1950-11-04
1952,366,True,0,3258.5714285714284,1951-10-07
1953,365,True,0,2898.5714285714284,1952-10-30
1954,365,True,0,1871.4285714285713,1953-10-07
1955,365,True,0,1638.5714285714287,1954-08-20
1956,366,True,0,1890.0,1955-08-04
1957,365,True,0,3397.1428571428573,1956-08-31
1958,365,True,0,1697.142857142857,1957-08-25
1959,365,True,0,2570.0,1958-09-08
1960,366,True,0,2955.714285714286,1959-09-24
1961,365,True,0,3678.5714285714284,1961-02-07
1962,365,True,0,2762.8571428571427,1961-11-04
1963,365,True,0,2238.5714285714284,1962-09-27
1964,366,True,0,1627.142857142857,1963-10-31
1965,365,True,0,1622.857142857143,1964-11-19
1966,365,True,0,1345.7142857142858,1965-07-10
1967,365,True,0,1972.857142857143,1966-08-08
1968,366,True,0,3774.285714285714,1967-10-11
1969,365,True,0,3494.285714285714,1968-09-03
1970,365,True,0,3877.1428571428573,1969-07-11
1971,365,True,0,3475.714285714286,1970-09-11
1972,366,True,0,3847.1428571428573,1971-07-18
1973,365,True,0,3614.285714285714,1972-09-12
1974,365,True,0,3807.1428571428573,1973-10-23
1975,365,True,0,3535.714285714286,1974-07-25
1976,366,True,0,4718.571428571428,1975-09-12
1977,365,True,0,2692.8571428571427,1977-02-05
1978,365,True,0,2775.714285714286,1977-09-16
1979,365,True,0,3422.8571428571427,1978-10-04
1980,366,True,0,3610.0,1979-09-05
1981,365,True,0,2312.8571428571427,1981-01-09
1982,365,True,0,2908.5714285714284,1981-08-30
1983,365,True,0,3821.4285714285716,1982-10-13
1984,366,True,0,2910.0,1983-10-02
1985,365,True,0,3214.285714285714,1984-11-27
1986,365,True,0,2651.4285714285716,1985-09-22
1987,365,True,0,3247.1428571428573,1986-09-19
1988,366,True,0,3087.1428571428573,1987-08-27
1989,365,True,0,3181.4285714285716,1988-10-13
1990,365,True,0,3320.0,1989-09-12
1991,365,True,0,4264.285714285715,1990-10-08
1992,366,True,0,2528.5714285714284,1991-11-09
1993,365,True,0,3552.8571428571427,1992-09-07
1994,365,True,0,2894.285714285714,1993-09-03
1995,365,True,0,3745.714285714286,1994-08-14
1996,366,True,0,2604.285714285714,1995-08-28
1997,365,True,0,3367.1428571428573,1996-09-07
1998,365,True,0,2874.285714285714,1997-08-16
1999,365,True,0,2680.0,1999-01-02
2000,366,True,0,2535.714285714286,1999-07-18
2001,365,True,0,3217.1428571428573,2000-11-09
2002,365,True,0,2594.285714285714,2001-11-24
2003,365,True,0,2911.4285714285716,2002-09-14
2004,366,True,0,5775.714285714285,2003-09-01
2005,365,True,0,3748.5714285714284,2004-07-10
2006,365,True,0,2770.0,2005-10-05
2007,365,True,0,4220.0,2006-08-19
2008,366,True,0,3091.4285714285716,2007-10-09
2009,365,True,0,3165.714285714286,2008-09-26
2010,365,True,0,4488.571428571428,2009-10-15
2011,365,True,0,2681.4285714285716,2010-09-27
2012,366,True,0,5148.571428571428,2011-07-25
2013,365,True,0,3104.285714285714,2012-08-31
2014,365,True,0,2982.8571428571427,2013-10-30
2015,365,True,0,2945.714285714286,2014-10-12
2016,366,True,0,3271.4285714285716,2015-10-27
2017,365,True,0,2664.285714285714,2016-11-28
2018,365,True,0,3250.0,2017-10-07
2019,365,True,0,3751.4285714285716,2018-07-15
2020,366,True,0,3042.8571428571427,2019-09-26
2021,365,True,0,3098.5714285714284,2020-09-28
2022,365,True,0,4925.714285714285,2021-08-18
2023,365,True,0,2767.1428571428573,2022-08-19
2024,366,True,0,3515.714285714286,2023-06-12
2025,365,True,26,2904.285714285714,2024-11-07
2026,365,True,365,2788.5714285714284,2025-09-17
2027,175,False,175,3471.4285714285716,2026-06-25
