site_id,name,it_mw_basis,it_mw_stated,p10_peak_day_gpd,p50_peak_day_gpd,p90_peak_day_gpd,plant_median_gpd,covers_p50,covers_p90,prob_covered,deterministic_peak_day_gpd,deterministic_class,class_p90_cap,covered_it_bin,covered_it_mw,covered_it_mw_p90,covered_it_bin_p90,class_changes_at_p90,bin_changes_at_p90,p90_above_plant,scenario
DRB01,Newark White Clay Creek Business Park Data Center,drawn_from_stated_sites,,2884054.64918755,9214336.717067037,18270750.185215157,,False,False,0.0,1328558.65386001,none,none,no eligible plant within 10 mi,0.0,0.0,no eligible plant within 10 mi,False,False,False,primary
DRB02,Project Washington,stated,1000.0,6115564.147237104,15445260.481905285,16615406.149907725,1200550.0,False,False,0.0768,13285586.5386001,partial,partial,50 to 200 MW,90.36484738644454,72.2552304270135,50 to 200 MW,False,False,True,primary
DRB03,"St. Georges Business Park Data Center / ""Frightland Project""",drawn_from_stated_sites,,2824918.623645475,9157696.807665393,18246859.580340575,1200550.0,False,False,0.0841,1328558.65386001,partial,partial,50 to 200 MW,90.36484738644454,72.2552304270135,50 to 200 MW,False,False,True,primary
DRB04,Comcast Moorestown,drawn_from_stated_sites,,2673608.519366062,9227320.211709864,18254341.96599366,3179000.0000000005,False,False,0.1044,1328558.65386001,matchable,partial,over 200 MW,239.28187067719563,191.32845573068676,50 to 200 MW,True,True,True,primary
DRB05,Joint Base McGuire-Dix-Lakehurst,drawn_from_stated_sites,,2682286.1748339627,9227990.663532402,18184436.85348505,1455000.0,False,False,0.0869,1328558.65386001,matchable,partial,50 to 200 MW,109.51718208094356,87.56933094940207,50 to 200 MW,True,False,True,primary
DRB07,DataOne Vineland,stated,250.0,1528891.036809276,3861315.1204763213,4153851.5374769312,2304500.0,False,False,0.1151,3321396.634650025,partial,partial,50 to 200 MW,173.4586571172058,138.6965795002729,50 to 200 MW,False,False,True,primary
DRB10,Andover Data Center,drawn_from_stated_sites,,2715969.9000230506,9223625.581137631,18083742.52556438,844500.0,False,False,0.0794,1328558.65386001,partial,partial,50 to 200 MW,63.56512733151673,50.82632301496223,50 to 200 MW,False,False,True,primary
DRB12,AWS Keystone Trade Center Campus,drawn_from_stated_sites,,2844447.748703231,9217588.924479712,18242958.44520083,8835000.0,False,False,0.4607,1328558.65386001,matchable,partial,over 200 MW,665.0063942853171,531.735421950493,over 200 MW,True,False,True,primary
DRB14,Sellersville / West Rockhill Township Data Center,drawn_from_stated_sites,,2900548.5958644687,9149269.518390112,18173980.30442931,2871000.0,False,False,0.0994,1328558.65386001,matchable,partial,over 200 MW,216.09885206487215,172.79144271871706,50 to 200 MW,True,True,True,primary
DRB15,Keel Infrastructure Panther Creek,stated,291.6666666666667,1783706.2096108221,4504867.640555708,4846160.12705642,1200000.0,False,False,0.0903,3874962.74042503,partial,partial,50 to 200 MW,90.32344913892253,72.22212861806356,50 to 200 MW,False,False,True,primary
DRB16,NorthPoint Spring Mountain Data Center,drawn_from_stated_sites,,2865096.5741768703,9144508.458146077,18236860.067951072,7381000.0,False,False,0.4528,1328558.65386001,matchable,partial,over 200 MW,555.5644817453226,444.2262761082726,over 200 MW,True,False,True,primary
DRB22,Sentinel Green Fig East Whiteland,stated,241.66666666666669,1477928.0022489668,3732604.616460444,4015389.819561034,751500.0,False,False,0.0858,3210683.4134950247,partial,partial,50 to 200 MW,56.56506002325023,45.229108047062304,50 to 200 MW,False,False,True,primary
DRB23,Project Gold,stated,1250.0,7644455.18404638,19306575.602381606,20769257.687384654,,False,False,0.0,16606983.173250126,none,none,no eligible plant within 10 mi,0.0,0.0,no eligible plant within 10 mi,False,False,False,primary
DRB24,Allentown Warehouse Conversion Data Center,drawn_from_stated_sites,,3066039.9677996403,9174400.6292893,18184262.32346833,32250000.0,True,True,1.0,1328558.65386001,matchable,matchable,over 200 MW,2427.442695608543,1940.9697066104582,over 200 MW,False,False,False,primary
DRB25,Atlas Industrial / South Whitehall Township Hyperscale Data Center Campus,stated,604.1666666666667,3694820.0056224177,9331511.54115111,10038474.548902584,1120000.0,False,False,0.0798,8026708.533737562,partial,partial,50 to 200 MW,84.30188586299437,67.40732004352598,50 to 200 MW,False,False,True,primary
DRB27,Smithfield Gateway Project,drawn_from_stated_sites,,2677502.8183195214,9169221.786564615,18096555.079225328,938500.0,False,False,0.0809,1328558.65386001,partial,partial,50 to 200 MW,70.64046418073232,56.483723090043874,50 to 200 MW,False,False,True,primary
DRB31,Conshohocken Data Center,drawn_from_stated_sites,,2907120.6149590136,9202292.109168906,18363742.56734109,2570000.0,False,False,0.0966,1328558.65386001,matchable,partial,50 to 200 MW,193.44272023919245,154.67572545701947,50 to 200 MW,True,False,True,primary
DRB32,Gravel Pike Data Center,drawn_from_stated_sites,,2908726.293271249,9171976.013055854,18234073.356691994,878500.0000000001,False,False,0.0807,1328558.65386001,partial,partial,50 to 200 MW,66.12429172378621,52.872616659140704,50 to 200 MW,False,False,True,primary
DRB33,Linfield Data Center,drawn_from_stated_sites,,2754737.8062303374,9218569.356084,18385664.450858627,721000.0,False,False,0.0781,1328558.65386001,partial,partial,50 to 200 MW,54.26933902430262,43.393462278019854,50 to 200 MW,False,False,True,primary
DRB34,Project Laurel,stated,625.0,3822227.59202319,9653287.801190803,10384628.843692327,721000.0,False,False,0.0765,8303491.586625063,partial,partial,50 to 200 MW,54.26933902430262,43.393462278019854,50 to 200 MW,False,False,True,primary
DRB37,Lower Mount Bethel Technology Center,stated,1000.0,6115564.147237104,15445260.481905285,16615406.149907725,1166000.0,False,False,0.0766,13285586.5386001,partial,partial,50 to 200 MW,87.76428474665306,70.17583497388509,50 to 200 MW,False,False,True,primary
DRB38,Prologis Warehouse Data Center,drawn_from_stated_sites,,2820774.423289726,9172457.449597787,17996272.245090485,815000.0,False,False,0.0794,1328558.65386001,partial,partial,50 to 200 MW,61.34467587351822,49.0508623531015,50 to 200 MW,False,False,True,primary
DRB39,Slate Belt Data Centers,drawn_from_stated_sites,,2793885.062996038,9227027.026236337,18081235.72294701,1166000.0,False,False,0.0828,1328558.65386001,partial,partial,50 to 200 MW,87.76428474665306,70.17583497388509,50 to 200 MW,False,False,True,primary
DRB40,Kline Township Data Center,drawn_from_stated_sites,,2693480.5179178505,9151828.840316642,18251502.106959306,1200000.0,False,False,0.0846,1328558.65386001,partial,partial,50 to 200 MW,90.32344913892253,72.22212861806356,50 to 200 MW,False,False,True,primary
DRB01,Newark White Clay Creek Business Park Data Center,drawn_from_stated_sites,,0.0,0.0,15301250.602568934,,False,False,0.0,1328558.65386001,none,none,no eligible plant within 10 mi,0.0,0.0,no eligible plant within 10 mi,False,False,False,weights_lbnl_midsize_colo
DRB02,Project Washington,stated,1000.0,0.0,0.0,16284869.68041901,1200550.0,True,False,0.619,13285586.5386001,partial,partial,50 to 200 MW,90.36484738644454,73.7218057964287,50 to 200 MW,False,False,True,weights_lbnl_midsize_colo
DRB03,"St. Georges Business Park Data Center / ""Frightland Project""",drawn_from_stated_sites,,0.0,0.0,15223659.630012004,1200550.0,True,False,0.6203,1328558.65386001,partial,partial,50 to 200 MW,90.36484738644454,73.7218057964287,50 to 200 MW,False,False,True,weights_lbnl_midsize_colo
DRB04,Comcast Moorestown,drawn_from_stated_sites,,0.0,0.0,15349566.294832269,3179000.0000000005,True,False,0.6297,1328558.65386001,matchable,partial,over 200 MW,239.28187067719563,195.21187841143382,50 to 200 MW,True,True,True,weights_lbnl_midsize_colo
DRB05,Joint Base McGuire-Dix-Lakehurst,drawn_from_stated_sites,,0.0,0.0,15306082.461756386,1455000.0,True,False,0.6209,1328558.65386001,matchable,partial,50 to 200 MW,109.51718208094356,89.3467389394892,50 to 200 MW,True,False,True,weights_lbnl_midsize_colo
DRB07,DataOne Vineland,stated,250.0,0.0,0.0,4071217.4201047523,2304500.0,True,False,0.6272,3321396.634650025,partial,partial,50 to 200 MW,173.4586571172058,141.51172500759648,50 to 200 MW,False,False,True,weights_lbnl_midsize_colo
DRB10,Andover Data Center,drawn_from_stated_sites,,0.0,0.0,15235485.181317037,844500.0,True,False,0.6197,1328558.65386001,partial,partial,50 to 200 MW,63.56512733151673,51.857952600961255,50 to 200 MW,False,False,True,weights_lbnl_midsize_colo
DRB12,AWS Keystone Trade Center Campus,drawn_from_stated_sites,,0.0,0.0,15259194.307030287,8835000.0,True,False,0.779,1328558.65386001,matchable,partial,over 200 MW,665.0063942853171,542.5281364470014,over 200 MW,True,False,True,weights_lbnl_midsize_colo
DRB14,Sellersville / West Rockhill Township Data Center,drawn_from_stated_sites,,0.0,0.0,15339207.307759218,2871000.0,True,False,0.6254,1328558.65386001,matchable,partial,over 200 MW,216.09885206487215,176.29861683523953,50 to 200 MW,True,True,True,weights_lbnl_midsize_colo
DRB15,Keel Infrastructure Panther Creek,stated,291.6666666666667,0.0,0.0,4749753.656788877,1200000.0,True,False,0.6216,3874962.74042503,partial,partial,50 to 200 MW,90.32344913892253,73.68803211504265,50 to 200 MW,False,False,True,weights_lbnl_midsize_colo
DRB16,NorthPoint Spring Mountain Data Center,drawn_from_stated_sites,,0.0,0.0,15344839.169774503,7381000.0,True,False,0.7708,1328558.65386001,matchable,partial,over 200 MW,555.5644817453226,453.2428042009414,over 200 MW,True,False,True,weights_lbnl_midsize_colo
DRB22,Sentinel Green Fig East Whiteland,stated,241.66666666666669,0.0,0.0,3935510.1727679274,751500.0,True,False,0.6209,3210683.4134950247,partial,partial,50 to 200 MW,56.56506002325023,46.14713011204545,50 to 200 MW,False,False,True,weights_lbnl_midsize_colo
DRB23,Project Gold,stated,1250.0,0.0,0.0,20356087.10052376,,False,False,0.0,16606983.173250126,none,none,no eligible plant within 10 mi,0.0,0.0,no eligible plant within 10 mi,False,False,False,weights_lbnl_midsize_colo
DRB24,Allentown Warehouse Conversion Data Center,drawn_from_stated_sites,,0.0,0.0,15342072.886909273,32250000.0,True,True,1.0,1328558.65386001,matchable,matchable,over 200 MW,2427.442695608543,1980.365863091771,over 200 MW,False,False,False,weights_lbnl_midsize_colo
DRB25,Atlas Industrial / South Whitehall Township Hyperscale Data Center Campus,stated,604.1666666666667,0.0,0.0,9838775.431919819,1120000.0,True,False,0.6196,8026708.533737562,partial,partial,50 to 200 MW,84.30188586299437,68.77549664070646,50 to 200 MW,False,False,True,weights_lbnl_midsize_colo
DRB27,Smithfield Gateway Project,drawn_from_stated_sites,,0.0,0.0,15381089.465241665,938500.0,True,False,0.6197,1328558.65386001,partial,partial,50 to 200 MW,70.64046418073232,57.63018178330626,50 to 200 MW,False,False,True,weights_lbnl_midsize_colo
DRB31,Conshohocken Data Center,drawn_from_stated_sites,,0.0,0.0,15409336.48214889,2570000.0,True,False,0.6228,1328558.65386001,matchable,partial,50 to 200 MW,193.44272023919245,157.81520211304965,50 to 200 MW,True,False,True,weights_lbnl_midsize_colo
DRB32,Gravel Pike Data Center,drawn_from_stated_sites,,0.0,0.0,15297176.193023926,878500.0000000001,True,False,0.6196,1328558.65386001,partial,partial,50 to 200 MW,66.12429172378621,53.94578017755414,50 to 200 MW,False,False,True,weights_lbnl_midsize_colo
DRB33,Linfield Data Center,drawn_from_stated_sites,,0.0,0.0,15434749.375984594,721000.0,True,False,0.6197,1328558.65386001,partial,partial,50 to 200 MW,54.26933902430262,44.274225962454786,50 to 200 MW,False,False,True,weights_lbnl_midsize_colo
DRB34,Project Laurel,stated,625.0,0.0,0.0,10178043.55026188,721000.0,True,False,0.6189,8303491.586625063,partial,partial,50 to 200 MW,54.26933902430262,44.274225962454786,50 to 200 MW,False,False,True,weights_lbnl_midsize_colo
DRB37,Lower Mount Bethel Technology Center,stated,1000.0,0.0,0.0,16284869.68041901,1166000.0,True,False,0.6189,13285586.5386001,partial,partial,50 to 200 MW,87.76428474665306,71.60020453844976,50 to 200 MW,False,False,True,weights_lbnl_midsize_colo
DRB38,Prologis Warehouse Data Center,drawn_from_stated_sites,,0.0,0.0,15238391.555269163,815000.0,True,False,0.6194,1328558.65386001,partial,partial,50 to 200 MW,61.34467587351822,50.04645514479979,50 to 200 MW,False,False,True,weights_lbnl_midsize_colo
DRB39,Slate Belt Data Centers,drawn_from_stated_sites,,0.0,0.0,15279491.377351131,1166000.0,True,False,0.6199,1328558.65386001,partial,partial,50 to 200 MW,87.76428474665306,71.60020453844976,50 to 200 MW,False,False,True,weights_lbnl_midsize_colo
DRB40,Kline Township Data Center,drawn_from_stated_sites,,0.0,0.0,15163319.799505487,1200000.0,True,False,0.6204,1328558.65386001,partial,partial,50 to 200 MW,90.32344913892253,73.68803211504265,50 to 200 MW,False,False,True,weights_lbnl_midsize_colo
DRB01,Newark White Clay Creek Business Park Data Center,drawn_from_stated_sites,,0.0,5284184.565453822,17419892.117818013,,False,False,0.0,1328558.65386001,none,none,no eligible plant within 10 mi,0.0,0.0,no eligible plant within 10 mi,False,False,False,weights_assumed_30_50_20
DRB02,Project Washington,stated,1000.0,0.0,15082238.425322786,16767375.889275664,1200550.0,False,False,0.2041,13285586.5386001,partial,partial,50 to 200 MW,90.36484738644454,71.60035105838274,50 to 200 MW,False,False,True,weights_assumed_30_50_20
DRB03,"St. Georges Business Park Data Center / ""Frightland Project""",drawn_from_stated_sites,,0.0,4896701.801306401,17560608.598992817,1200550.0,False,False,0.2081,1328558.65386001,partial,partial,50 to 200 MW,90.36484738644454,71.60035105838274,50 to 200 MW,False,False,True,weights_assumed_30_50_20
DRB04,Comcast Moorestown,drawn_from_stated_sites,,0.0,5017914.900559169,17659370.35569514,3179000.0000000005,False,False,0.2263,1328558.65386001,matchable,partial,over 200 MW,239.28187067719563,189.59436592778206,50 to 200 MW,True,True,True,weights_assumed_30_50_20
DRB05,Joint Base McGuire-Dix-Lakehurst,drawn_from_stated_sites,,0.0,5377600.080575206,17288320.6238546,1455000.0,False,False,0.2097,1328558.65386001,matchable,partial,50 to 200 MW,109.51718208094356,86.77565348377567,50 to 200 MW,True,False,True,weights_assumed_30_50_20
DRB07,DataOne Vineland,stated,250.0,0.0,3770559.6063306965,4191843.972318916,2304500.0,False,False,0.2238,3321396.634650025,partial,partial,50 to 200 MW,173.4586571172058,137.43951440093542,50 to 200 MW,False,False,True,weights_assumed_30_50_20
DRB10,Andover Data Center,drawn_from_stated_sites,,0.0,4990023.137613343,17076844.271610398,844500.0,False,False,0.2056,1328558.65386001,partial,partial,50 to 200 MW,63.56512733151673,50.36566279522238,50 to 200 MW,False,False,True,weights_assumed_30_50_20
DRB12,AWS Keystone Trade Center Campus,drawn_from_stated_sites,,0.0,4925025.60167391,17184331.824907072,8835000.0,True,False,0.5419,1328558.65386001,matchable,partial,over 200 MW,665.0063942853171,526.9160814633389,over 200 MW,True,False,True,weights_assumed_30_50_20
DRB14,Sellersville / West Rockhill Township Data Center,drawn_from_stated_sites,,0.0,4905839.436814267,17438789.45611667,2871000.0,False,False,0.2165,1328558.65386001,matchable,partial,over 200 MW,216.09885206487215,171.22536161643984,50 to 200 MW,True,True,True,weights_assumed_30_50_20
DRB15,Keel Infrastructure Panther Creek,stated,291.6666666666667,0.0,4398986.207385813,4890484.6343720695,1200000.0,False,False,0.2115,3874962.74042503,partial,partial,50 to 200 MW,90.32344913892253,71.56754926496963,50 to 200 MW,False,False,True,weights_assumed_30_50_20
DRB16,NorthPoint Spring Mountain Data Center,drawn_from_stated_sites,,0.0,4882917.579070956,17564520.192769032,7381000.0,True,False,0.5233,1328558.65386001,matchable,partial,over 200 MW,555.5644817453226,440.2000676039507,over 200 MW,True,False,True,weights_assumed_30_50_20
DRB22,Sentinel Green Fig East Whiteland,stated,241.66666666666669,0.0,3644874.2861196734,4052115.839908286,751500.0,False,False,0.2085,3210683.4134950247,partial,partial,50 to 200 MW,56.56506002325023,44.81917772718723,50 to 200 MW,False,False,True,weights_assumed_30_50_20
DRB23,Project Gold,stated,1250.0,0.0,18852798.03165348,20959219.86159458,,False,False,0.0,16606983.173250126,none,none,no eligible plant within 10 mi,0.0,0.0,no eligible plant within 10 mi,False,False,False,weights_assumed_30_50_20
DRB24,Allentown Warehouse Conversion Data Center,drawn_from_stated_sites,,0.0,4902912.412485914,17286717.262406368,32250000.0,True,True,1.0,1328558.65386001,matchable,matchable,over 200 MW,2427.442695608543,1923.3778864960589,over 200 MW,False,False,False,weights_assumed_30_50_20
DRB25,Atlas Industrial / South Whitehall Township Hyperscale Data Center Campus,stated,604.1666666666667,0.0,9112185.715299185,10130289.599770715,1120000.0,False,False,0.2054,8026708.533737562,partial,partial,50 to 200 MW,84.30188586299437,66.79637931397166,50 to 200 MW,False,False,True,weights_assumed_30_50_20
DRB27,Smithfield Gateway Project,drawn_from_stated_sites,,0.0,4906207.873692514,17233625.44031114,938500.0,False,False,0.2065,1328558.65386001,partial,partial,50 to 200 MW,70.64046418073232,55.971787487644995,50 to 200 MW,False,False,True,weights_assumed_30_50_20
DRB31,Conshohocken Data Center,drawn_from_stated_sites,,0.0,4941873.363828607,17645025.751164183,2570000.0,False,False,0.2142,1328558.65386001,matchable,partial,50 to 200 MW,193.44272023919245,153.27383467580995,50 to 200 MW,True,False,True,weights_assumed_30_50_20
DRB32,Gravel Pike Data Center,drawn_from_stated_sites,,0.0,4930542.786004172,17576662.198208805,878500.0000000001,False,False,0.2058,1328558.65386001,partial,partial,50 to 200 MW,66.12429172378621,52.39341002439652,50 to 200 MW,False,False,True,weights_assumed_30_50_20
DRB33,Linfield Data Center,drawn_from_stated_sites,,0.0,4923707.292755164,18058191.623641085,721000.0,False,False,0.2044,1328558.65386001,partial,partial,50 to 200 MW,54.26933902430262,43.00016918336925,50 to 200 MW,False,False,True,weights_assumed_30_50_20
DRB34,Project Laurel,stated,625.0,0.0,9426399.01582674,10479609.93079729,721000.0,False,False,0.2039,8303491.586625063,partial,partial,50 to 200 MW,54.26933902430262,43.00016918336925,50 to 200 MW,False,False,True,weights_assumed_30_50_20
DRB37,Lower Mount Bethel Technology Center,stated,1000.0,0.0,15082238.425322786,16767375.889275664,1166000.0,False,False,0.204,13285586.5386001,partial,partial,50 to 200 MW,87.76428474665306,69.53980203579549,50 to 200 MW,False,False,True,weights_assumed_30_50_20
DRB38,Prologis Warehouse Data Center,drawn_from_stated_sites,,0.0,4893875.961745452,17030812.364084955,815000.0,False,False,0.2054,1328558.65386001,partial,partial,50 to 200 MW,61.34467587351822,48.60629387579188,50 to 200 MW,False,False,True,weights_assumed_30_50_20
DRB39,Slate Belt Data Centers,drawn_from_stated_sites,,0.0,5052574.295066707,17057708.117572136,1166000.0,False,False,0.2078,1328558.65386001,partial,partial,50 to 200 MW,87.76428474665306,69.53980203579549,50 to 200 MW,False,False,True,weights_assumed_30_50_20
DRB40,Kline Township Data Center,drawn_from_stated_sites,,0.0,4865992.517381976,17586066.127029717,1200000.0,False,False,0.2081,1328558.65386001,partial,partial,50 to 200 MW,90.32344913892253,71.56754926496963,50 to 200 MW,False,False,True,weights_assumed_30_50_20
DRB01,Newark White Clay Creek Business Park Data Center,drawn_from_stated_sites,,2227614.0759124453,9146627.14765379,18209955.81974075,,False,False,0.0,1328558.65386001,none,none,no eligible plant within 10 mi,0.0,0.0,no eligible plant within 10 mi,False,False,False,hybrid_wue_dry_cooler_adiabatic
DRB02,Project Washington,stated,1000.0,4723598.694764175,15402716.15828667,16607545.100722672,1200550.0,False,False,0.0788,13285586.5386001,partial,partial,50 to 200 MW,90.36484738644454,72.28943186478286,50 to 200 MW,False,False,True,hybrid_wue_dry_cooler_adiabatic
DRB03,"St. Georges Business Park Data Center / ""Frightland Project""",drawn_from_stated_sites,,2181938.0194867626,9098318.089071468,18193684.35552723,1200550.0,False,False,0.0879,1328558.65386001,partial,partial,50 to 200 MW,90.36484738644454,72.28943186478286,50 to 200 MW,False,False,True,hybrid_wue_dry_cooler_adiabatic
DRB04,Comcast Moorestown,drawn_from_stated_sites,,2065067.6549756215,9150043.037286166,18187486.34089905,3179000.0000000005,False,False,0.113,1328558.65386001,matchable,partial,over 200 MW,239.28187067719563,191.41901953116883,50 to 200 MW,True,True,True,hybrid_wue_dry_cooler_adiabatic
DRB05,Joint Base McGuire-Dix-Lakehurst,drawn_from_stated_sites,,2071770.1865908462,9165138.586720278,18120079.79878636,1455000.0,False,False,0.0922,1328558.65386001,matchable,partial,50 to 200 MW,109.51718208094356,87.61078119466832,50 to 200 MW,True,False,True,hybrid_wue_dry_cooler_adiabatic
DRB07,DataOne Vineland,stated,250.0,1180899.6736910439,3850679.0395716676,4151886.275180668,2304500.0,False,False,0.127,3321396.634650025,partial,partial,50 to 200 MW,173.4586571172058,138.7622304213836,50 to 200 MW,False,False,True,hybrid_wue_dry_cooler_adiabatic
DRB10,Andover Data Center,drawn_from_stated_sites,,2097787.1486416575,9149551.91554321,18018694.44544967,844500.0,False,False,0.0826,1328558.65386001,partial,partial,50 to 200 MW,63.56512733151673,50.85038125010131,50 to 200 MW,False,False,True,hybrid_wue_dry_cooler_adiabatic
DRB12,AWS Keystone Trade Center Campus,drawn_from_stated_sites,,2197022.1143325963,9147134.790106304,18146292.838012148,8835000.0,False,False,0.4695,1328558.65386001,matchable,partial,over 200 MW,665.0063942853171,531.9871146769035,over 200 MW,True,False,True,hybrid_wue_dry_cooler_adiabatic
DRB14,Sellersville / West Rockhill Township Data Center,drawn_from_stated_sites,,2240353.830270153,9091337.356862897,18122617.599478487,2871000.0,False,False,0.1092,1328558.65386001,matchable,partial,over 200 MW,216.09885206487215,172.8732321717476,50 to 200 MW,True,True,True,hybrid_wue_dry_cooler_adiabatic
DRB15,Keel Infrastructure Panther Creek,stated,291.6666666666667,1377716.2859728846,4492458.879500279,4843867.3210441135,1200000.0,False,False,0.0958,3874962.74042503,partial,partial,50 to 200 MW,90.32344913892253,72.25631438735532,50 to 200 MW,False,False,True,hybrid_wue_dry_cooler_adiabatic
DRB16,NorthPoint Spring Mountain Data Center,drawn_from_stated_sites,,2226785.8648418672,9079008.684219785,18177435.902435977,7381000.0,False,False,0.4606,1328558.65386001,matchable,partial,over 200 MW,555.5644817453226,444.436547077558,over 200 MW,True,False,True,hybrid_wue_dry_cooler_adiabatic
DRB22,Sentinel Green Fig East Whiteland,stated,241.66666666666669,1141536.3512346759,3722323.071585946,4013490.06600798,751500.0,False,False,0.0895,3210683.4134950247,partial,partial,50 to 200 MW,56.56506002325023,45.25051688508127,50 to 200 MW,False,False,True,hybrid_wue_dry_cooler_adiabatic
DRB23,Project Gold,stated,1250.0,5904498.36845522,19253395.197858337,20759431.375903342,,False,False,0.0,16606983.173250126,none,none,no eligible plant within 10 mi,0.0,0.0,no eligible plant within 10 mi,False,False,False,hybrid_wue_dry_cooler_adiabatic
DRB24,Allentown Warehouse Conversion Data Center,drawn_from_stated_sites,,2380123.0287475283,9105659.78969621,18103241.67986048,32250000.0,True,True,1.0,1328558.65386001,matchable,matchable,over 200 MW,2427.442695608543,1941.888449160174,over 200 MW,False,False,False,hybrid_wue_dry_cooler_adiabatic
DRB25,Atlas Industrial / South Whitehall Township Hyperscale Data Center Campus,stated,604.1666666666667,2853840.87808669,9305807.678964864,10033725.16501995,1120000.0,False,False,0.0825,8026708.533737562,partial,partial,50 to 200 MW,84.30188586299437,67.43922676153163,50 to 200 MW,False,False,True,hybrid_wue_dry_cooler_adiabatic
DRB27,Smithfield Gateway Project,drawn_from_stated_sites,,2068075.5713363544,9108948.005614271,18032290.46021023,938500.0,False,False,0.084,1328558.65386001,partial,partial,50 to 200 MW,70.64046418073232,56.51045921044414,50 to 200 MW,False,False,True,hybrid_wue_dry_cooler_adiabatic
DRB31,Conshohocken Data Center,drawn_from_stated_sites,,2245429.990060086,9138101.882450333,18324845.9026194,2570000.0,False,False,0.1039,1328558.65386001,matchable,partial,50 to 200 MW,193.44272023919245,154.74893997958597,50 to 200 MW,True,False,True,hybrid_wue_dry_cooler_adiabatic
DRB32,Gravel Pike Data Center,drawn_from_stated_sites,,2249381.9098775606,9120511.277707148,18139536.46134146,878500.0000000001,False,False,0.0826,1328558.65386001,partial,partial,50 to 200 MW,66.12429172378621,52.89764349107638,50 to 200 MW,False,False,True,hybrid_wue_dry_cooler_adiabatic
DRB33,Linfield Data Center,drawn_from_stated_sites,,2127731.079692109,9149327.08188792,18335424.695967343,721000.0,False,False,0.0803,1328558.65386001,partial,partial,50 to 200 MW,54.26933902430262,43.414002227735985,50 to 200 MW,False,False,True,hybrid_wue_dry_cooler_adiabatic
DRB34,Project Laurel,stated,625.0,2952249.18422761,9626697.598929169,10379715.687951671,721000.0,False,False,0.0786,8303491.586625063,partial,partial,50 to 200 MW,54.26933902430262,43.414002227735985,50 to 200 MW,False,False,True,hybrid_wue_dry_cooler_adiabatic
DRB37,Lower Mount Bethel Technology Center,stated,1000.0,4723598.694764175,15402716.15828667,16607545.100722672,1166000.0,False,False,0.0787,13285586.5386001,partial,partial,50 to 200 MW,87.76428474665306,70.20905214638024,50 to 200 MW,False,False,True,hybrid_wue_dry_cooler_adiabatic
DRB38,Prologis Warehouse Data Center,drawn_from_stated_sites,,2178737.0818594303,9100643.933077896,16894597.012722198,815000.0,False,False,0.0827,1328558.65386001,partial,partial,50 to 200 MW,61.34467587351822,49.07408018807882,50 to 200 MW,False,False,True,hybrid_wue_dry_cooler_adiabatic
DRB39,Slate Belt Data Centers,drawn_from_stated_sites,,2157968.017202706,9161375.395746635,18017283.469565988,1166000.0,False,False,0.0865,1328558.65386001,partial,partial,50 to 200 MW,87.76428474665306,70.20905214638024,50 to 200 MW,False,False,True,hybrid_wue_dry_cooler_adiabatic
DRB40,Kline Township Data Center,drawn_from_stated_sites,,2080416.5817731584,9110795.392486136,18185598.20399918,1200000.0,False,False,0.0888,1328558.65386001,partial,partial,50 to 200 MW,90.32344913892253,72.25631438735532,50 to 200 MW,False,False,True,hybrid_wue_dry_cooler_adiabatic
DRB01,Newark White Clay Creek Business Park Data Center,drawn_from_stated_sites,,3352619.5759465517,8850032.879424937,17335151.51811545,,False,False,0.0,1328558.65386001,none,none,no eligible plant within 10 mi,0.0,0.0,no eligible plant within 10 mi,False,False,False,variable_ratio_conversion
DRB02,Project Washington,stated,1000.0,12961197.553961761,14636134.8125237,15858799.853356497,1200550.0,False,False,0.0699,13285586.5386001,partial,partial,50 to 200 MW,90.36484738644454,75.70244981343306,50 to 200 MW,False,False,True,variable_ratio_conversion
DRB03,"St. Georges Business Park Data Center / ""Frightland Project""",drawn_from_stated_sites,,3360338.448308002,8786122.30747447,17312377.01370923,1200550.0,False,False,0.0699,1328558.65386001,partial,partial,50 to 200 MW,90.36484738644454,75.70244981343306,50 to 200 MW,False,False,True,variable_ratio_conversion
DRB04,Comcast Moorestown,drawn_from_stated_sites,,3368420.34189215,8827711.7042747,17251651.514593575,3179000.0000000005,False,False,0.0785,1328558.65386001,matchable,partial,over 200 MW,239.28187067719563,200.4565307208394,over 200 MW,True,False,True,variable_ratio_conversion
DRB05,Joint Base McGuire-Dix-Lakehurst,drawn_from_stated_sites,,3357721.640497508,8822098.138729215,17186993.48865549,1455000.0,False,False,0.0703,1328558.65386001,matchable,partial,50 to 200 MW,109.51718208094356,91.7471696127151,50 to 200 MW,True,False,True,variable_ratio_conversion
DRB07,DataOne Vineland,stated,250.0,3240299.3884904403,3659033.703130925,3964699.9633391243,2304500.0,False,False,0.0719,3321396.634650025,partial,partial,50 to 200 MW,173.4586571172058,145.31364424226936,50 to 200 MW,False,False,True,variable_ratio_conversion
DRB10,Andover Data Center,drawn_from_stated_sites,,3349096.9432325666,8842780.457688052,17039315.48702631,844500.0,False,False,0.0699,1328558.65386001,partial,partial,50 to 200 MW,63.56512733151673,53.251192259751136,50 to 200 MW,False,False,True,variable_ratio_conversion
DRB12,AWS Keystone Trade Center Campus,drawn_from_stated_sites,,3358646.8185086334,8843915.807683127,17237427.621432636,8835000.0,False,False,0.4989,1328558.65386001,matchable,partial,over 200 MW,665.0063942853171,557.1039474421566,over 200 MW,True,False,True,variable_ratio_conversion
DRB14,Sellersville / West Rockhill Township Data Center,drawn_from_stated_sites,,3358200.6852891813,8787324.49104172,17249838.98732789,2871000.0,False,False,0.073,1328558.65386001,matchable,partial,over 200 MW,216.09885206487215,181.03513674096567,50 to 200 MW,True,True,True,variable_ratio_conversion
DRB15,Keel Infrastructure Panther Creek,stated,291.6666666666667,3780349.286572181,4268872.653652746,4625483.290562312,1200000.0,False,False,0.0701,3874962.74042503,partial,partial,50 to 200 MW,90.32344913892253,75.66776875275472,50 to 200 MW,False,False,True,variable_ratio_conversion
DRB16,NorthPoint Spring Mountain Data Center,drawn_from_stated_sites,,3356689.102376659,8782519.089882562,17328428.938060768,7381000.0,False,False,0.426,1328558.65386001,matchable,partial,over 200 MW,555.5644817453226,465.4198343034021,over 200 MW,True,False,True,variable_ratio_conversion
DRB22,Sentinel Green Fig East Whiteland,stated,241.66666666666669,3132289.408874093,3537065.9130265615,3832543.297894487,751500.0,False,False,0.07,3210683.4134950247,partial,partial,50 to 200 MW,56.56506002325023,47.38694018141264,50 to 200 MW,False,False,True,variable_ratio_conversion
DRB23,Project Gold,stated,1250.0,16201496.942452202,18295168.515654627,19823499.816695623,,False,False,0.0,16606983.173250126,none,none,no eligible plant within 10 mi,0.0,0.0,no eligible plant within 10 mi,False,False,False,variable_ratio_conversion
DRB24,Allentown Warehouse Conversion Data Center,drawn_from_stated_sites,,3370163.8024420794,8799451.448476605,17199907.271112274,32250000.0,True,True,1.0,1328558.65386001,matchable,matchable,over 200 MW,2427.442695608543,2033.5712852302831,over 200 MW,False,False,False,variable_ratio_conversion
DRB25,Atlas Industrial / South Whitehall Township Hyperscale Data Center Campus,stated,604.1666666666667,7830723.5221852325,8842664.782566404,9581358.244736219,1120000.0,False,False,0.0699,8026708.533737562,partial,partial,50 to 200 MW,84.30188586299437,70.6232508359044,50 to 200 MW,False,False,True,variable_ratio_conversion
DRB27,Smithfield Gateway Project,drawn_from_stated_sites,,3360466.6910067503,8771457.348017558,17085311.374977745,938500.0,False,False,0.07,1328558.65386001,partial,partial,50 to 200 MW,70.64046418073232,59.17850081205025,50 to 200 MW,False,False,True,variable_ratio_conversion
DRB31,Conshohocken Data Center,drawn_from_stated_sites,,3369513.229287249,8824828.193225227,17399445.65214395,2570000.0,False,False,0.0709,1328558.65386001,matchable,partial,50 to 200 MW,193.44272023919245,162.05513807881636,50 to 200 MW,True,False,True,variable_ratio_conversion
DRB32,Gravel Pike Data Center,drawn_from_stated_sites,,3355091.8154277904,8818805.55615924,17250247.51650104,878500.0000000001,False,False,0.0699,1328558.65386001,partial,partial,50 to 200 MW,66.12429172378621,55.39511237441253,50 to 200 MW,False,False,True,variable_ratio_conversion
DRB33,Linfield Data Center,drawn_from_stated_sites,,3355582.744879933,8842675.462940726,17446138.25719114,721000.0,False,False,0.0699,1328558.65386001,partial,partial,50 to 200 MW,54.26933902430262,45.46371772561346,50 to 200 MW,False,False,True,variable_ratio_conversion
DRB34,Project Laurel,stated,625.0,8100748.471226101,9147584.257827314,9911749.908347812,721000.0,False,False,0.0699,8303491.586625063,partial,partial,50 to 200 MW,54.26933902430262,45.46371772561346,50 to 200 MW,False,False,True,variable_ratio_conversion
DRB37,Lower Mount Bethel Technology Center,stated,1000.0,12961197.553961761,14636134.8125237,15858799.853356497,1166000.0,False,False,0.0699,13285586.5386001,partial,partial,50 to 200 MW,87.76428474665306,73.52384863809334,50 to 200 MW,False,False,True,variable_ratio_conversion
DRB38,Prologis Warehouse Data Center,drawn_from_stated_sites,,3354249.1299899067,8777773.755074248,16904535.030215684,815000.0,False,False,0.0699,1328558.65386001,partial,partial,50 to 200 MW,61.34467587351822,51.39102627791258,50 to 200 MW,False,False,True,variable_ratio_conversion
DRB39,Slate Belt Data Centers,drawn_from_stated_sites,,3361348.8613831145,8848303.623114536,17004336.05227996,1166000.0,False,False,0.07,1328558.65386001,partial,partial,50 to 200 MW,87.76428474665306,73.52384863809334,50 to 200 MW,False,False,True,variable_ratio_conversion
DRB40,Kline Township Data Center,drawn_from_stated_sites,,3350099.69828122,8756607.745969879,17250242.893781323,1200000.0,False,False,0.07,1328558.65386001,partial,partial,50 to 200 MW,90.32344913892253,75.66776875275472,50 to 200 MW,False,False,True,variable_ratio_conversion
DRB01,Newark White Clay Creek Business Park Data Center,assumed_100MW_IT,,611556.4147237104,1544526.0481905285,1661540.6149907724,,False,False,0.0,1328558.65386001,none,none,no eligible plant within 10 mi,0.0,0.0,no eligible plant within 10 mi,False,False,False,unstated_fixed_100mw
DRB02,Project Washington,stated,1000.0,6115564.147237104,15445260.481905285,16615406.149907725,1200550.0,False,False,0.0768,13285586.5386001,partial,partial,50 to 200 MW,90.36484738644454,72.2552304270135,50 to 200 MW,False,False,True,unstated_fixed_100mw
DRB03,"St. Georges Business Park Data Center / ""Frightland Project""",assumed_100MW_IT,,611556.4147237104,1544526.0481905285,1661540.6149907724,1200550.0,False,False,0.1279,1328558.65386001,partial,partial,50 to 200 MW,90.36484738644454,72.2552304270135,50 to 200 MW,False,False,True,unstated_fixed_100mw
DRB04,Comcast Moorestown,assumed_100MW_IT,,611556.4147237104,1544526.0481905285,1661540.6149907724,3179000.0000000005,True,True,1.0,1328558.65386001,matchable,matchable,over 200 MW,239.28187067719563,191.32845573068676,50 to 200 MW,False,True,False,unstated_fixed_100mw
DRB05,Joint Base McGuire-Dix-Lakehurst,assumed_100MW_IT,,611556.4147237104,1544526.0481905285,1661540.6149907724,1455000.0,False,False,0.1961,1328558.65386001,matchable,partial,50 to 200 MW,109.51718208094356,87.56933094940207,50 to 200 MW,True,False,True,unstated_fixed_100mw
DRB07,DataOne Vineland,stated,250.0,1528891.036809276,3861315.1204763213,4153851.5374769312,2304500.0,False,False,0.1151,3321396.634650025,partial,partial,50 to 200 MW,173.4586571172058,138.6965795002729,50 to 200 MW,False,False,True,unstated_fixed_100mw
DRB10,Andover Data Center,assumed_100MW_IT,,611556.4147237104,1544526.0481905285,1661540.6149907724,844500.0,False,False,0.1114,1328558.65386001,partial,partial,50 to 200 MW,63.56512733151673,50.82632301496223,50 to 200 MW,False,False,True,unstated_fixed_100mw
DRB12,AWS Keystone Trade Center Campus,assumed_100MW_IT,,611556.4147237104,1544526.0481905285,1661540.6149907724,8835000.0,True,True,1.0,1328558.65386001,matchable,matchable,over 200 MW,665.0063942853171,531.735421950493,over 200 MW,False,False,False,unstated_fixed_100mw
DRB14,Sellersville / West Rockhill Township Data Center,assumed_100MW_IT,,611556.4147237104,1544526.0481905285,1661540.6149907724,2871000.0,True,True,1.0,1328558.65386001,matchable,matchable,over 200 MW,216.09885206487215,172.79144271871706,50 to 200 MW,False,True,False,unstated_fixed_100mw
DRB15,Keel Infrastructure Panther Creek,stated,291.6666666666667,1783706.2096108221,4504867.640555708,4846160.12705642,1200000.0,False,False,0.0903,3874962.74042503,partial,partial,50 to 200 MW,90.32344913892253,72.22212861806356,50 to 200 MW,False,False,True,unstated_fixed_100mw
DRB16,NorthPoint Spring Mountain Data Center,assumed_100MW_IT,,611556.4147237104,1544526.0481905285,1661540.6149907724,7381000.0,True,True,1.0,1328558.65386001,matchable,matchable,over 200 MW,555.5644817453226,444.2262761082726,over 200 MW,False,False,False,unstated_fixed_100mw
DRB22,Sentinel Green Fig East Whiteland,stated,241.66666666666669,1477928.0022489668,3732604.616460444,4015389.819561034,751500.0,False,False,0.0858,3210683.4134950247,partial,partial,50 to 200 MW,56.56506002325023,45.229108047062304,50 to 200 MW,False,False,True,unstated_fixed_100mw
DRB23,Project Gold,stated,1250.0,7644455.18404638,19306575.602381606,20769257.687384654,,False,False,0.0,16606983.173250126,none,none,no eligible plant within 10 mi,0.0,0.0,no eligible plant within 10 mi,False,False,False,unstated_fixed_100mw
DRB24,Allentown Warehouse Conversion Data Center,assumed_100MW_IT,,611556.4147237104,1544526.0481905285,1661540.6149907724,32250000.0,True,True,1.0,1328558.65386001,matchable,matchable,over 200 MW,2427.442695608543,1940.9697066104582,over 200 MW,False,False,False,unstated_fixed_100mw
DRB25,Atlas Industrial / South Whitehall Township Hyperscale Data Center Campus,stated,604.1666666666667,3694820.0056224177,9331511.54115111,10038474.548902584,1120000.0,False,False,0.0798,8026708.533737562,partial,partial,50 to 200 MW,84.30188586299437,67.40732004352598,50 to 200 MW,False,False,True,unstated_fixed_100mw
DRB27,Smithfield Gateway Project,assumed_100MW_IT,,611556.4147237104,1544526.0481905285,1661540.6149907724,938500.0,False,False,0.1158,1328558.65386001,partial,partial,50 to 200 MW,70.64046418073232,56.483723090043874,50 to 200 MW,False,False,True,unstated_fixed_100mw
DRB31,Conshohocken Data Center,assumed_100MW_IT,,611556.4147237104,1544526.0481905285,1661540.6149907724,2570000.0,True,True,1.0,1328558.65386001,matchable,matchable,50 to 200 MW,193.44272023919245,154.67572545701947,50 to 200 MW,False,False,False,unstated_fixed_100mw
DRB32,Gravel Pike Data Center,assumed_100MW_IT,,611556.4147237104,1544526.0481905285,1661540.6149907724,878500.0000000001,False,False,0.1129,1328558.65386001,partial,partial,50 to 200 MW,66.12429172378621,52.872616659140704,50 to 200 MW,False,False,True,unstated_fixed_100mw
DRB33,Linfield Data Center,assumed_100MW_IT,,611556.4147237104,1544526.0481905285,1661540.6149907724,721000.0,False,False,0.1064,1328558.65386001,partial,partial,50 to 200 MW,54.26933902430262,43.393462278019854,50 to 200 MW,False,False,True,unstated_fixed_100mw
DRB34,Project Laurel,stated,625.0,3822227.59202319,9653287.801190803,10384628.843692327,721000.0,False,False,0.0765,8303491.586625063,partial,partial,50 to 200 MW,54.26933902430262,43.393462278019854,50 to 200 MW,False,False,True,unstated_fixed_100mw
DRB37,Lower Mount Bethel Technology Center,stated,1000.0,6115564.147237104,15445260.481905285,16615406.149907725,1166000.0,False,False,0.0766,13285586.5386001,partial,partial,50 to 200 MW,87.76428474665306,70.17583497388509,50 to 200 MW,False,False,True,unstated_fixed_100mw
DRB38,Prologis Warehouse Data Center,assumed_100MW_IT,,611556.4147237104,1544526.0481905285,1661540.6149907724,815000.0,False,False,0.1103,1328558.65386001,partial,partial,50 to 200 MW,61.34467587351822,49.0508623531015,50 to 200 MW,False,False,True,unstated_fixed_100mw
DRB39,Slate Belt Data Centers,assumed_100MW_IT,,611556.4147237104,1544526.0481905285,1661540.6149907724,1166000.0,False,False,0.1263,1328558.65386001,partial,partial,50 to 200 MW,87.76428474665306,70.17583497388509,50 to 200 MW,False,False,True,unstated_fixed_100mw
DRB40,Kline Township Data Center,assumed_100MW_IT,,611556.4147237104,1544526.0481905285,1661540.6149907724,1200000.0,False,False,0.1278,1328558.65386001,partial,partial,50 to 200 MW,90.32344913892253,72.22212861806356,50 to 200 MW,False,False,True,unstated_fixed_100mw
