site_id,name,it_mw_basis,it_mw_stated,p10_peak_day_gpd,p50_peak_day_gpd,p90_peak_day_gpd,plant_median_gpd,covers_p50,covers_p90,prob_covered,deterministic_peak_day_gpd,deterministic_class,class_p90_cap,covered_it_bin,covered_it_mw,covered_it_mw_p90,covered_it_bin_p90,class_changes_at_p90,bin_changes_at_p90,p90_above_plant,map_number
DRB23,Project Gold,stated,1250.0,7644455.18404638,19306575.602381606,20769257.687384654,,False,False,0.0,16606983.173250126,none,none,no eligible plant within 10 mi,0.0,0.0,no eligible plant within 10 mi,False,False,False,1
DRB10,Andover Data Center,drawn_from_stated_sites,,2715969.9000230506,9223625.581137631,18083742.52556438,844500.0,False,False,0.0794,1328558.65386001,partial,partial,50 to 200 MW,63.56512733151673,50.82632301496223,50 to 200 MW,False,False,True,2
DRB27,Smithfield Gateway Project,drawn_from_stated_sites,,2677502.8183195214,9169221.786564615,18096555.079225328,938500.0,False,False,0.0809,1328558.65386001,partial,partial,50 to 200 MW,70.64046418073232,56.483723090043874,50 to 200 MW,False,False,True,3
DRB16,NorthPoint Spring Mountain Data Center,drawn_from_stated_sites,,2865096.5741768703,9144508.458146077,18236860.067951072,7381000.0,False,False,0.4528,1328558.65386001,matchable,partial,over 200 MW,555.5644817453226,444.2262761082726,over 200 MW,True,False,True,4
DRB39,Slate Belt Data Centers,drawn_from_stated_sites,,2793885.062996038,9227027.026236337,18081235.72294701,1166000.0,False,False,0.0828,1328558.65386001,partial,partial,50 to 200 MW,87.76428474665306,70.17583497388509,50 to 200 MW,False,False,True,5
DRB40,Kline Township Data Center,drawn_from_stated_sites,,2693480.5179178505,9151828.840316642,18251502.106959306,1200000.0,False,False,0.0846,1328558.65386001,partial,partial,50 to 200 MW,90.32344913892253,72.22212861806356,50 to 200 MW,False,False,True,6
DRB15,Keel Infrastructure Panther Creek,stated,291.6666666666667,1783706.2096108221,4504867.640555708,4846160.12705642,1200000.0,False,False,0.0903,3874962.74042503,partial,partial,50 to 200 MW,90.32344913892253,72.22212861806356,50 to 200 MW,False,False,True,7
DRB37,Lower Mount Bethel Technology Center,stated,1000.0,6115564.147237104,15445260.481905285,16615406.149907725,1166000.0,False,False,0.0766,13285586.5386001,partial,partial,50 to 200 MW,87.76428474665306,70.17583497388509,50 to 200 MW,False,False,True,8
DRB38,Prologis Warehouse Data Center,drawn_from_stated_sites,,2820774.423289726,9172457.449597787,17996272.245090485,815000.0,False,False,0.0794,1328558.65386001,partial,partial,50 to 200 MW,61.34467587351822,49.0508623531015,50 to 200 MW,False,False,True,9
DRB25,Atlas Industrial / South Whitehall Township Hyperscale Data Center Campus,stated,604.1666666666667,3694820.0056224177,9331511.54115111,10038474.548902584,1120000.0,False,False,0.0798,8026708.533737562,partial,partial,50 to 200 MW,84.30188586299437,67.40732004352598,50 to 200 MW,False,False,True,10
DRB24,Allentown Warehouse Conversion Data Center,drawn_from_stated_sites,,3066039.9677996403,9174400.6292893,18184262.32346833,32250000.0,True,True,1.0,1328558.65386001,matchable,matchable,over 200 MW,2427.442695608543,1940.9697066104582,over 200 MW,False,False,False,11
DRB32,Gravel Pike Data Center,drawn_from_stated_sites,,2908726.293271249,9171976.013055854,18234073.356691994,878500.0000000001,False,False,0.0807,1328558.65386001,partial,partial,50 to 200 MW,66.12429172378621,52.872616659140704,50 to 200 MW,False,False,True,12
DRB14,Sellersville / West Rockhill Township Data Center,drawn_from_stated_sites,,2900548.5958644687,9149269.518390112,18173980.30442931,2871000.0,False,False,0.0994,1328558.65386001,matchable,partial,over 200 MW,216.09885206487215,172.79144271871706,50 to 200 MW,True,True,True,13
DRB34,Project Laurel,stated,625.0,3822227.59202319,9653287.801190803,10384628.843692327,721000.0,False,False,0.0765,8303491.586625063,partial,partial,50 to 200 MW,54.26933902430262,43.393462278019854,50 to 200 MW,False,False,True,14
DRB33,Linfield Data Center,drawn_from_stated_sites,,2754737.8062303374,9218569.356084,18385664.450858627,721000.0,False,False,0.0781,1328558.65386001,partial,partial,50 to 200 MW,54.26933902430262,43.393462278019854,50 to 200 MW,False,False,True,15
DRB12,AWS Keystone Trade Center Campus,drawn_from_stated_sites,,2844447.748703231,9217588.924479712,18242958.44520083,8835000.0,False,False,0.4607,1328558.65386001,matchable,partial,over 200 MW,665.0063942853171,531.735421950493,over 200 MW,True,False,True,16
DRB31,Conshohocken Data Center,drawn_from_stated_sites,,2907120.6149590136,9202292.109168906,18363742.56734109,2570000.0,False,False,0.0966,1328558.65386001,matchable,partial,50 to 200 MW,193.44272023919245,154.67572545701947,50 to 200 MW,True,False,True,17
DRB22,Sentinel Green Fig East Whiteland,stated,241.66666666666669,1477928.0022489668,3732604.616460444,4015389.819561034,751500.0,False,False,0.0858,3210683.4134950247,partial,partial,50 to 200 MW,56.56506002325023,45.229108047062304,50 to 200 MW,False,False,True,18
DRB05,Joint Base McGuire-Dix-Lakehurst,drawn_from_stated_sites,,2682286.1748339627,9227990.663532402,18184436.85348505,1455000.0,False,False,0.0869,1328558.65386001,matchable,partial,50 to 200 MW,109.51718208094356,87.56933094940207,50 to 200 MW,True,False,True,19
DRB04,Comcast Moorestown,drawn_from_stated_sites,,2673608.519366062,9227320.211709864,18254341.96599366,3179000.0000000005,False,False,0.1044,1328558.65386001,matchable,partial,over 200 MW,239.28187067719563,191.32845573068676,50 to 200 MW,True,True,True,20
DRB01,Newark White Clay Creek Business Park Data Center,drawn_from_stated_sites,,2884054.64918755,9214336.717067037,18270750.185215157,,False,False,0.0,1328558.65386001,none,none,no eligible plant within 10 mi,0.0,0.0,no eligible plant within 10 mi,False,False,False,21
DRB02,Project Washington,stated,1000.0,6115564.147237104,15445260.481905285,16615406.149907725,1200550.0,False,False,0.0768,13285586.5386001,partial,partial,50 to 200 MW,90.36484738644454,72.2552304270135,50 to 200 MW,False,False,True,22
DRB03,"St. Georges Business Park Data Center / ""Frightland Project""",drawn_from_stated_sites,,2824918.623645475,9157696.807665393,18246859.580340575,1200550.0,False,False,0.0841,1328558.65386001,partial,partial,50 to 200 MW,90.36484738644454,72.2552304270135,50 to 200 MW,False,False,True,23
DRB07,DataOne Vineland,stated,250.0,1528891.036809276,3861315.1204763213,4153851.5374769312,2304500.0,False,False,0.1151,3321396.634650025,partial,partial,50 to 200 MW,173.4586571172058,138.6965795002729,50 to 200 MW,False,False,True,24
