site_id,name,it_mw,capacity_basis,r30_max_gpd,peak_day_max_gpd,days_per_year_30day_over,below_trigger_30day,averaging_blind_spot,review_if_self_supplied,supplier_class,supplier_name,confidence,source_url,bib_key,review_under_supplier_class,purchased_supply_blind_spot
DRB01,Newark White Clay Creek Business Park Data Center,100.0,assumed_100MW_IT,424437.2070794812,1328558.65386001,56.8178103423982,False,False,True,unknown,,none,https://spotlightdelaware.org/2026/07/02/county-councilman-says-newark-data-center-plan-paused-after-deal/,,False,False
DRB02,Project Washington,1000.0,stated_campus_MW_div_PUE,4244372.0707948115,13285586.5386001,122.38474003099901,False,False,True,public_or_authority,Veolia,stated_in_source,https://whyy.org/articles/data-centers-water-usage/,project_washington_whyy_2026,False,True
DRB03,"St. Georges Business Park Data Center / ""Frightland Project""",100.0,assumed_100MW_IT,424437.2070794812,1328558.65386001,56.8178103423982,False,False,True,unknown,,none,https://delawarebusinesstimes.com/news/three-sites-data-center-conversions/,,False,False
DRB04,Comcast Moorestown,100.0,assumed_100MW_IT,424437.2070794812,1328558.65386001,56.8178103423982,False,False,True,unknown,,none,https://www.datacenterdynamics.com/en/news/comcast-to-convert-former-bank-into-data-center-in-new-jersey/,,False,False
DRB05,Joint Base McGuire-Dix-Lakehurst,100.0,assumed_100MW_IT,424437.2070794812,1328558.65386001,56.8178103423982,False,False,True,unknown,,none,https://www.datacenterdynamics.com/en/news/us-department-of-the-air-force-accepting-proposals-for-ai-data-centers-in-military-bases/,,False,False
DRB07,DataOne Vineland,250.0,stated_campus_MW_div_PUE,1061093.0176987029,3321396.634650025,95.31393546568972,False,False,True,unknown,,none,https://whyy.org/articles/data-center-artificial-intelligence-vineland-new-jersey/,,False,False
DRB10,Andover Data Center,100.0,assumed_100MW_IT,424437.2070794812,1328558.65386001,56.8178103423982,False,False,True,unknown,,none,https://ecode360.com/AN2011/document/753256148.pdf,,False,False
DRB12,AWS Keystone Trade Center Campus,100.0,assumed_100MW_IT,424437.2070794812,1328558.65386001,56.8178103423982,False,False,True,public_or_authority,Morrisville Municipal Authority (service water system),stated_in_source,https://keystonenewsroom.com/news/infrastructure/bucks-countys-first-data-center-will-open-soon-what-you-need-to-know/,falls_keystone_2026,False,True
DRB14,Sellersville / West Rockhill Township Data Center,100.0,assumed_100MW_IT,424437.2070794812,1328558.65386001,56.8178103423982,False,False,True,unknown,,none,https://keystonenewsroom.com/news/politics/upper-bucks-supervisors-ok-new-data-center-regulations-amid-outcry/,,False,False
DRB15,Keel Infrastructure Panther Creek,291.6666666666667,stated_campus_MW_div_PUE,1237941.8539818202,3874962.74042503,97.83574045371283,False,False,True,unknown,,none,https://www.tnonline.com/20260519/nesquehoning-planners-give-data-plan-extension/,nesquehoning_tnonline_2026,False,False
DRB16,NorthPoint Spring Mountain Data Center,100.0,assumed_100MW_IT,424437.2070794812,1328558.65386001,56.8178103423982,False,False,True,unknown,,none,https://www.tnonline.com/20260110/no-action-on-northpoint-development-plan-in-weatherly-area/,,False,False
DRB22,Sentinel Green Fig East Whiteland,241.66666666666669,stated_campus_MW_div_PUE,1025723.2504420796,3210683.4134950247,94.02730026771876,False,False,True,public_or_authority,Aqua Pennsylvania,stated_in_source,https://www.inquirer.com/news/pennsylvania/east-whiteland-data-center-superfund-stop-work-20260827.html,east_whiteland_inquirer_2026,False,True
DRB23,Project Gold,1250.0,stated_campus_MW_div_PUE,5305465.088493515,16606983.173250126,127.94300408623361,False,False,True,self_supplied,Project wells (centralized well system); cooling water trucked in,stated_in_source,https://www.wvia.org/news/local/2026-02-04/data-centers-residents-fear-negative-impacts-on-water-resources-as-data-centers-are-proposed-across-northeast-pa,project_gold_wvia_2026,True,False
DRB24,Allentown Warehouse Conversion Data Center,100.0,assumed_100MW_IT,424437.2070794812,1328558.65386001,56.8178103423982,False,False,True,unknown,,none,https://www.wfmz.com/news/area/lehighvalley/lehigh-county/allentown-area/allentown-planners-examine-developer-s-changes-to-emaus-avenue-data-center-proposal/article_82e86912-d655-48ab-a45f-4fbb511adc49.html,,False,False
DRB25,Atlas Industrial / South Whitehall Township Hyperscale Data Center Campus,604.1666666666667,stated_campus_MW_div_PUE,2564308.1261051986,8026708.533737562,115.07665210652388,False,False,True,unknown,,none,https://www.lehighvalleypublicmedia.org/news/local/residents-push-for-public-hearing-as-south-whitehall-takes-new-look-at-hyperscale-data-center/,,False,False
DRB27,Smithfield Gateway Project,100.0,assumed_100MW_IT,424437.2070794812,1328558.65386001,56.8178103423982,False,False,True,public_or_authority,Brodhead Creek Regional Authority (BCRA),stated_in_source,https://smithfieldtownship.com/wp-content/uploads/2026/04/04-2026-03-31-SG-Data-Center-Cond-Use-App-Env-Impact-Summary-letter.pdf,smithfield_langan_2026,False,True
DRB31,Conshohocken Data Center,100.0,assumed_100MW_IT,424437.2070794812,1328558.65386001,56.8178103423982,False,False,True,unknown,,none,"https://web.archive.org/web/20260820025259/https://chestnuthilllocal.com/stories/developer-proposes-another-hyperscale-data-center-in-montco,40801",,False,False
DRB32,Gravel Pike Data Center,100.0,assumed_100MW_IT,424437.2070794812,1328558.65386001,56.8178103423982,False,False,True,unknown,,none,https://www.upperhanovertownship.org/news_detail_T14_R97.php,,False,False
DRB33,Linfield Data Center,100.0,assumed_100MW_IT,424437.2070794812,1328558.65386001,56.8178103423982,False,False,True,unknown,,none,https://gis.limerickpa.org/publicportal/docdownload.cfm?docsession=8D8FD7B1C948DBB8DD6305469874D02B89C55427,,False,False
DRB34,Project Laurel,625.0,stated_campus_MW_div_PUE,2652732.5442467574,8303491.586625063,116.00302944906298,False,False,True,public_or_authority,Pennsylvania American Water,stated_in_source,"https://www.chestnuthilllocal.com/stories/ai-data-center-proposals-are-popping-up-along-the-schuylkill-river,39478",limerick_laurel_chestnuthill_2026,False,True
DRB37,Lower Mount Bethel Technology Center,1000.0,stated_campus_MW_div_PUE,4244372.0707948115,13285586.5386001,122.38474003099901,False,False,True,unknown,,none,https://www.wfmz.com/news/local_government/zoning_planning/lower-mount-bethel-township-data-center-proposal-revised-with-community-feedback-developers-say/article_6c8fa75b-f106-442f-93de-ece0db599be0.html,,False,False
DRB38,Prologis Warehouse Data Center,100.0,assumed_100MW_IT,424437.2070794812,1328558.65386001,56.8178103423982,False,False,True,public_or_authority,Northampton Borough Municipal Authority (NBMA),inferred_service_area,https://www.allentownship.org/planning/20apr26.pdf,allen_pc_minutes_2026,False,True
DRB39,Slate Belt Data Centers,100.0,assumed_100MW_IT,424437.2070794812,1328558.65386001,56.8178103423982,False,False,True,self_supplied,"River Pointe on-site wells (10 wells, planned authority system)",stated_in_source,https://www.wfmz.com/news/area/lehighvalley/new-water-supplier-in-town-developer-lou-pektors-river-pointe-could-set-stage-for-municipal/article_c59802b2-b96c-11ed-9b5e-274bc4ba9021.html,river_pointe_wfmz_2023,True,False
DRB40,Kline Township Data Center,100.0,assumed_100MW_IT,424437.2070794812,1328558.65386001,56.8178103423982,False,False,True,public_or_authority,Kline Township Municipal Authority,stated_in_source,https://fox56.com/news/local/locals-express-concern-regarding-amazons-plans-for-kline-twp-data-center,kline_fox56_2026,False,True
