site_id,name,it_mw,capacity_basis,r30_max_gpd,peak_day_max_gpd,days_per_year_30day_over,below_trigger_30day,averaging_blind_spot,review_if_self_supplied
DRB01,Newark White Clay Creek Business Park Data Center,100.0,assumed_100MW_IT,424437.2070794812,1328558.65386001,56.8178103423982,False,False,True
DRB02,Project Washington,1000.0,stated_campus_MW_div_PUE,4244372.0707948115,13285586.5386001,122.38474003099901,False,False,True
DRB03,"St. Georges Business Park Data Center / ""Frightland Project""",100.0,assumed_100MW_IT,424437.2070794812,1328558.65386001,56.8178103423982,False,False,True
DRB04,Comcast Moorestown,100.0,assumed_100MW_IT,424437.2070794812,1328558.65386001,56.8178103423982,False,False,True
DRB05,Joint Base McGuire-Dix-Lakehurst,100.0,assumed_100MW_IT,424437.2070794812,1328558.65386001,56.8178103423982,False,False,True
DRB07,DataOne Vineland,250.0,stated_campus_MW_div_PUE,1061093.0176987029,3321396.634650025,95.31393546568972,False,False,True
DRB10,Andover Data Center,100.0,assumed_100MW_IT,424437.2070794812,1328558.65386001,56.8178103423982,False,False,True
DRB12,AWS Keystone Trade Center Campus,100.0,assumed_100MW_IT,424437.2070794812,1328558.65386001,56.8178103423982,False,False,True
DRB14,Sellersville / West Rockhill Township Data Center,100.0,assumed_100MW_IT,424437.2070794812,1328558.65386001,56.8178103423982,False,False,True
DRB15,Keel Infrastructure Panther Creek,291.6666666666667,stated_campus_MW_div_PUE,1237941.8539818202,3874962.74042503,97.83574045371283,False,False,True
DRB16,NorthPoint Spring Mountain Data Center,100.0,assumed_100MW_IT,424437.2070794812,1328558.65386001,56.8178103423982,False,False,True
DRB22,Sentinel Green Fig East Whiteland,241.66666666666669,stated_campus_MW_div_PUE,1025723.2504420796,3210683.4134950247,94.02730026771876,False,False,True
DRB23,Project Gold,1250.0,stated_campus_MW_div_PUE,5305465.088493515,16606983.173250126,127.94300408623361,False,False,True
DRB24,Allentown Warehouse Conversion Data Center,100.0,assumed_100MW_IT,424437.2070794812,1328558.65386001,56.8178103423982,False,False,True
DRB25,Atlas Industrial / South Whitehall Township Hyperscale Data Center Campus,604.1666666666667,stated_campus_MW_div_PUE,2564308.1261051986,8026708.533737562,115.07665210652388,False,False,True
DRB27,Smithfield Gateway Project,100.0,assumed_100MW_IT,424437.2070794812,1328558.65386001,56.8178103423982,False,False,True
DRB31,Conshohocken Data Center,100.0,assumed_100MW_IT,424437.2070794812,1328558.65386001,56.8178103423982,False,False,True
DRB32,Gravel Pike Data Center,100.0,assumed_100MW_IT,424437.2070794812,1328558.65386001,56.8178103423982,False,False,True
DRB33,Linfield Data Center,100.0,assumed_100MW_IT,424437.2070794812,1328558.65386001,56.8178103423982,False,False,True
DRB34,Project Laurel,625.0,stated_campus_MW_div_PUE,2652732.5442467574,8303491.586625063,116.00302944906298,False,False,True
DRB37,Lower Mount Bethel Technology Center,1000.0,stated_campus_MW_div_PUE,4244372.0707948115,13285586.5386001,122.38474003099901,False,False,True
DRB38,Prologis Warehouse Data Center,100.0,assumed_100MW_IT,424437.2070794812,1328558.65386001,56.8178103423982,False,False,True
DRB39,Slate Belt Data Centers,100.0,assumed_100MW_IT,424437.2070794812,1328558.65386001,56.8178103423982,False,False,True
DRB40,Kline Township Data Center,100.0,assumed_100MW_IT,424437.2070794812,1328558.65386001,56.8178103423982,False,False,True
