site_id,name,municipality,county,it_mw,capacity_basis,verified_location,near_divide,lat,lon,peak_day_gpd,p99_day_gpd,source_verified,unverified,status,developer,source_url,original_url,stated_mw,eligible_potw_within_10mi,covered_it_mw,covered_it_bin,class,distance_mi,plant_npdes_id,plant_name,plant_median_flow_mgd,plant_design_flow_mgd,coverage_ratio,plant_in_drb,plant_inter_basin,plant_permit_status,n_eligible_within_10mi,nearest_any_eligible_mi,largest_distance_mi,largest_coverage_ratio,largest_alone_matchable,plant_facility_type,largest_npdes_id,largest_name,largest_median_flow_mgd,largest_design_flow_mgd,largest_in_drb,largest_facility_type,largest_permit_status,class_p99_day,class_sens_a_non_potw_eligible,sens_a_plant_name,sens_a_plant_facility_type,class_sens_b_100mw_it,class_assumed_50,class_assumed_100,class_assumed_200,class_any_plant_within_10mi,site_state,plant_state,match_crosses_state_line,same_state_npdes_id,same_state_name,same_state_distance_mi,same_state_median_flow_mgd,same_state_coverage_ratio,same_state_covered_it_mw
DRB01,Newark White Clay Creek Business Park Data Center,Newark,"New Castle County, DE",100.0,assumed_100MW_IT,True,False,39.68188899,-75.7238784,1328558.65386001,704615.4085050136,True,False,delayed,Verdantas; Shelbourne,https://web.archive.org/web/20251219123811/https://www.datacenterdynamics.com/en/news/verdantas-proposes-new-data-center-in-newark-delaware/,https://www.datacenterdynamics.com/en/news/verdantas-proposes-new-data-center-in-newark-delaware/,,False,0.0,no eligible plant within 10 mi,none,,,,,,,,,,0,10.0769381359453,,,,,,,,,,,,none,matchable,DELAWARE CITY REFINING CO.,NON-POTW,none,none,none,none,none,DE,,False,DE0020320,CITY OF WILMINGTON REGIONAL WWTP,11.601250762622632,63.33,47.66820028306637,4766.820028306636
DRB02,Project Washington,Delaware City,"New Castle County, DE",1000.0,stated_campus_MW_div_PUE,True,False,39.61185181,-75.6378833,13285586.5386001,7046154.085050136,True,False,delayed,Starwood Digital Ventures,https://spotlightdelaware.org/2026/03/26/delaware-city-data-center-environmental-denial-upheld-by-state-board/,,1200.0,True,90.36484738644454,50 to 200 MW,partial,5.427408442268889,NJ0021598,PENNSVILLE SEWERAGE AUTHORITY,1.20055,1.875,0.09036484738644454,True,False,Effective,1,5.427408442268889,5.427408442268889,0.09036484738644454,False,POTW,NJ0021598,PENNSVILLE SEWERAGE AUTHORITY,1.20055,1.875,True,POTW,Effective,partial,matchable,DELAWARE CITY REFINING CO.,NON-POTW,partial,partial,partial,partial,partial,DE,NJ,True,DE0020320,CITY OF WILMINGTON REGIONAL WWTP,10.77546455383863,63.33,4.766820028306636,4766.820028306636
DRB03,"St. Georges Business Park Data Center / ""Frightland Project""",St. Georges,"New Castle County, DE",100.0,assumed_100MW_IT,False,False,39.54430554,-75.64337652,1328558.65386001,704615.4085050136,True,True,proposed,Parkway Gravel,https://delawarebusinesstimes.com/news/three-sites-data-center-conversions/,,,True,90.36484738644454,50 to 200 MW,partial,8.51374007534889,NJ0021598,PENNSVILLE SEWERAGE AUTHORITY,1.20055,1.875,0.9036484738644454,True,False,Effective,1,8.51374007534889,8.51374007534889,0.9036484738644454,False,POTW,NJ0021598,PENNSVILLE SEWERAGE AUTHORITY,1.20055,1.875,True,POTW,Effective,matchable,matchable,DELAWARE CITY REFINING CO.,NON-POTW,partial,matchable,partial,partial,partial,DE,NJ,True,DE0020320,CITY OF WILMINGTON REGIONAL WWTP,14.946325304213287,63.33,47.66820028306637,4766.820028306636
DRB04,Comcast Moorestown,Moorestown Township,"Burlington County, NJ",100.0,assumed_100MW_IT,True,False,39.98939,-74.8896,1328558.65386001,704615.4085050136,True,False,proposed,Comcast,https://web.archive.org/web/20260819033652/https://www.datacenterdynamics.com/en/news/comcast-to-convert-former-bank-into-data-center-in-new-jersey/,https://www.datacenterdynamics.com/en/news/comcast-to-convert-former-bank-into-data-center-in-new-jersey/,,True,239.28187067719563,over 200 MW,matchable,3.0877001053473228,NJ0023361,WILLINGBORO WATER POLLUTION CONTROL PLANT,3.1790000000000003,5.22,2.3928187067719566,True,False,Effective,16,3.0877001053473228,5.208318752088928,2.8564790790184253,True,POTW,NJ0025178,HARTFORD RD WASTEWATER TREATMENT FACILITY,3.795,6.0,True,POTW,Effective,matchable,matchable,WILLINGBORO WATER POLLUTION CONTROL PLANT,POTW,matchable,matchable,matchable,matchable,matchable,NJ,NJ,False,NJ0023361,WILLINGBORO WATER POLLUTION CONTROL PLANT,3.0877001053473228,3.1790000000000003,2.3928187067719566,239.28187067719563
DRB05,Joint Base McGuire-Dix-Lakehurst,Fort Dix,"Burlington County, NJ",100.0,assumed_100MW_IT,False,False,40.01661,-74.608765,1328558.65386001,704615.4085050136,True,True,proposed,,https://web.archive.org/web/20260109200403/https://www.datacenterdynamics.com/en/news/us-department-of-the-air-force-accepting-proposals-for-ai-data-centers-in-military-bases/,https://www.datacenterdynamics.com/en/news/us-department-of-the-air-force-accepting-proposals-for-ai-data-centers-in-military-bases/,,True,109.51718208094357,50 to 200 MW,matchable,5.907870141830904,NJ0024821,FRANCIS S. DOYLE JR TREATMENT FACILITY,1.455,2.5,1.0951718208094356,True,False,Expired,2,5.907870141830904,9.732640662849752,1.11745160493037,True,POTW,NJ0024678,BORDENTOWN SA BLACK'S CREEK STP,1.4846,,True,POTW,Effective,matchable,matchable,FRANCIS S. DOYLE JR TREATMENT FACILITY,POTW,matchable,matchable,matchable,partial,matchable,NJ,NJ,False,NJ0024821,FRANCIS S. DOYLE JR TREATMENT FACILITY,5.907870141830904,1.455,1.0951718208094356,109.51718208094357
DRB07,DataOne Vineland,Vineland,"Cumberland County, NJ",250.0,stated_campus_MW_div_PUE,False,False,39.42766589,-75.0167957,3321396.634650025,1761538.521262534,False,True,construction,DataOne,https://www.scottkompa.com/blog/vineland-ai-data-center-housing-market/,,300.0,True,173.4586571172058,50 to 200 MW,partial,3.5881466110299844,NJ0029467,MILLVILLE (WTP) CITY OF,2.3045,5.0,0.6938346284688233,True,False,Effective,1,3.5881466110299844,3.5881466110299844,0.6938346284688233,False,POTW,NJ0029467,MILLVILLE (WTP) CITY OF,2.3045,5.0,True,POTW,Effective,matchable,partial,MILLVILLE (WTP) CITY OF,POTW,matchable,partial,partial,partial,partial,NJ,NJ,False,NJ0029467,MILLVILLE (WTP) CITY OF,3.5881466110299844,2.3045,0.6938346284688233,173.4586571172058
DRB10,Andover Data Center,Andover Township,"Sussex County, NJ",100.0,assumed_100MW_IT,True,False,41.03259839,-74.76603349,1328558.65386001,704615.4085050136,True,False,proposed,"Abbey Beta, LLC",https://ecode360.com/AN2011/document/753256148.pdf,,,True,63.56512733151673,50 to 200 MW,partial,2.052485399292385,NJ0020184,NEWTON WASTEWATER TREATMENT PLANT,0.8445,1.4,0.6356512733151674,True,False,Admin Continued,2,2.052485399292385,9.074326710317496,1.673091356216642,True,POTW,NJ0027821,MUSCONETCONG SEWERAGE AUTHORITY,2.2228000000000003,4.31,True,POTW,Admin Continued,matchable,partial,NEWTON WASTEWATER TREATMENT PLANT,POTW,partial,matchable,partial,partial,matchable,NJ,NJ,False,NJ0020184,NEWTON WASTEWATER TREATMENT PLANT,2.052485399292385,0.8445,0.6356512733151674,63.56512733151673
DRB12,AWS Keystone Trade Center Campus,Falls Township,"Bucks County, PA",100.0,assumed_100MW_IT,True,False,40.16092786,-74.7577123,1328558.65386001,704615.4085050136,True,False,proposed,Amazon Web Services,https://6abc.com/post/residents-voice-frustration-amazon-data-center-falls-township/19509947/,,,True,665.0063942853171,over 200 MW,matchable,1.9282244725259483,NJ0020923,TRENTON SEWER UTILITY,8.835,20.0,6.650063942853172,True,False,Admin Continued,11,1.9282244725259483,1.9282244725259483,6.650063942853172,True,POTW,NJ0020923,TRENTON SEWER UTILITY,8.835,20.0,True,POTW,Admin Continued,matchable,matchable,TRENTON SEWER UTILITY,POTW,matchable,matchable,matchable,matchable,matchable,PA,NJ,True,PA0026701,MORRISVILLE BOROUGH STP,3.0014972820479073,4.2059999999999995,3.165836892319234,316.5836892319234
DRB14,Sellersville / West Rockhill Township Data Center,West Rockhill Township,"Bucks County, PA",100.0,assumed_100MW_IT,True,False,40.34879997,-75.32982269,1328558.65386001,704615.4085050136,True,False,preliminary,National Land Developers,https://keystonenewsroom.com/news/politics/upper-bucks-supervisors-ok-new-data-center-regulations-amid-outcry/,https://www.phillyburbs.com/story/business/real-estate/2026/04/17/west-rockhill-data-center-zoning-regulations-cathill-road-protest-ai/89623313007/,,True,216.09885206487215,over 200 MW,matchable,0.959038394634647,PA0020460,PENNRIDGE WWTP,2.871,4.325,2.1609885206487216,True,False,Effective,9,0.959038394634647,6.263514457146594,3.620464919651812,True,POTW,PA0026247,HATFIELD TWP STP,4.8100000000000005,6.98,True,POTW,Effective,matchable,matchable,PENNRIDGE WWTP,POTW,matchable,matchable,matchable,matchable,matchable,PA,PA,False,PA0020460,PENNRIDGE WWTP,0.959038394634647,2.871,2.1609885206487216,216.09885206487215
DRB15,Keel Infrastructure Panther Creek,Nesquehoning Borough,"Carbon County, PA",291.6666666666667,stated_campus_MW_div_PUE,True,False,40.85810449,-75.86678277,3874962.74042503,2055128.2748062897,True,False,proposed,T5; Keel Infrastructure,https://www.tnonline.com/20260224/nesquehoning-planners-ok-bitfarms-complex/,,350.0,True,90.32344913892253,50 to 200 MW,partial,4.5328193299693895,PA0026476,COALDALE LANSFORD SUMMIT HLL SEW,1.2,1.65,0.30968039704773437,True,False,Effective,3,4.5328193299693895,6.860603859610359,0.3341967618140133,False,POTW,PA0027006,TAMAQUA BORO,1.295,2.6,True,POTW,Effective,partial,partial,COALDALE LANSFORD SUMMIT HLL SEW,POTW,partial,partial,partial,partial,partial,PA,PA,False,PA0026476,COALDALE LANSFORD SUMMIT HLL SEW,4.5328193299693895,1.2,0.30968039704773437,90.32344913892253
DRB16,NorthPoint Spring Mountain Data Center,Banks Township; Packer Township,"Carbon County, PA",100.0,assumed_100MW_IT,False,False,40.91668696,-75.92819869,1328558.65386001,704615.4085050136,True,True,proposed,NorthPoint Development,https://www.tnonline.com/20260110/no-action-on-northpoint-development-plan-in-weatherly-area/,,,True,555.5644817453226,over 200 MW,matchable,6.172250139433655,PA0026921,GR HAZLETON JT SEW AUTH WWTP,7.381,8.9,5.555644817453227,False,True,Effective,5,6.172250139433655,6.172250139433655,5.555644817453227,True,POTW,PA0026921,GR HAZLETON JT SEW AUTH WWTP,7.381,8.9,False,POTW,Effective,matchable,matchable,GR HAZLETON JT SEW AUTH WWTP,POTW,matchable,matchable,matchable,matchable,matchable,PA,PA,False,PA0026921,GR HAZLETON JT SEW AUTH WWTP,6.172250139433655,7.381,5.555644817453227,555.5644817453226
DRB22,Sentinel Green Fig East Whiteland,East Whiteland Township,"Chester County, PA",241.66666666666669,stated_campus_MW_div_PUE,False,False,40.03918189,-75.58675747,3210683.4134950247,1702820.570553783,True,True,proposed,"Sentinel Green Fig, LLC",https://youtu.be/U7olb-nzL4E?si=vCRlwGbX6-G6aNlM,,290.0,True,56.56506002325023,50 to 200 MW,partial,5.624674819314707,PA0026018,WEST CHESTER TAYLOR RUN STP,0.7515000000000001,1.5,0.23406231733758714,True,False,Effective,7,5.624674819314707,8.836969400307355,2.095815480192447,True,POTW,PA0026964,OAKS WWTP,6.729,14.25,True,POTW,Effective,partial,partial,WEST CHESTER TAYLOR RUN STP,POTW,partial,partial,partial,partial,matchable,PA,PA,False,PA0026018,WEST CHESTER TAYLOR RUN STP,5.624674819314707,0.7515000000000001,0.23406231733758714,56.56506002325023
DRB23,Project Gold,Clifton Township; Covington Township,"Lackawanna County, PA",1250.0,stated_campus_MW_div_PUE,True,True,41.25171332,-75.51721079,16606983.173250126,8807692.60631267,True,False,proposed,NE Edge Data Centers,https://www.thetimes-tribune.com/2026/04/07/firm-tied-to-project-gold-data-center-campus-buys-200-plus-acres-in-covington-twp/,,1500.0,False,0.0,no eligible plant within 10 mi,none,,,,,,,,,,0,14.969585815141082,,,,,,,,,,,,none,partial,PA AMER WATER POCONO COUNTRY PLACE WWTP,NON-POTW,none,none,none,none,none,PA,,False,PA0027090,LRBSA - THROOP PLANT,14.969585815141082,5.845,0.35196037347800146,439.95046684750184
DRB24,Allentown Warehouse Conversion Data Center,Allentown,"Lehigh County, PA",100.0,assumed_100MW_IT,True,False,40.56743843,-75.47433818,1328558.65386001,704615.4085050136,True,False,delayed,Quantm LLC,https://www.mcall.com/2026/08/06/allentown-is-facing-pressure-including-a-legal-challenge-from-data-center-developers-for-speedy-review-and-approval-emails-reveal/,,,True,2427.442695608543,over 200 MW,matchable,2.622088234566513,PA0026000,LCA ALLENTOWN DIVISION WWTP,32.25,40.0,24.27442695608543,True,False,Terminated,5,2.622088234566513,2.622088234566513,24.27442695608543,True,POTW,PA0026000,LCA ALLENTOWN DIVISION WWTP,32.25,40.0,True,POTW,Terminated,matchable,matchable,LCA ALLENTOWN DIVISION WWTP,POTW,matchable,matchable,matchable,matchable,matchable,PA,PA,False,PA0026000,LCA ALLENTOWN DIVISION WWTP,2.622088234566513,32.25,24.27442695608543,2427.442695608543
DRB25,Atlas Industrial / South Whitehall Township Hyperscale Data Center Campus,South Whitehall Township,"Lehigh County, PA",604.1666666666667,stated_campus_MW_div_PUE,True,False,40.64345138,-75.53658984,8026708.533737562,4257051.426384457,True,False,proposed,CDE Acquisitions LLC; Edged,https://www.wfmz.com/news/area/lehighvalley/lehigh-county/allentown-area/project-atlas-under-the-microscope-long-awaited-public-meeting-happens-tomorrow/article_ee2d979d-97eb-4743-b096-2ff66b0c4f74.html,,725.0,True,84.30188586299437,50 to 200 MW,partial,3.3262994839303004,PA0021580,CATASAUQUA MUN SEW AUTH,1.12,2.25,0.13953415591116305,True,False,Expired,5,3.3262994839303004,5.224096816376032,4.017836185834829,True,POTW,PA0026000,LCA ALLENTOWN DIVISION WWTP,32.25,40.0,True,POTW,Terminated,partial,partial,GEO SPECIALTY CHEM ALLENTOWN PLT,NON-POTW,partial,partial,partial,partial,matchable,PA,PA,False,PA0021580,CATASAUQUA MUN SEW AUTH,3.3262994839303004,1.12,0.13953415591116305,84.30188586299437
DRB27,Smithfield Gateway Project,Smithfield Township,"Monroe County, PA",100.0,assumed_100MW_IT,False,False,41.00617471,-75.15065763,1328558.65386001,704615.4085050136,True,True,proposed,DEPG Moiser Assoc LP,https://www.poconorecord.com/story/news/local/2026/03/31/proposed-data-center-buildings-smithfield-township/89392885007/,,,True,70.64046418073232,50 to 200 MW,partial,2.0625443793099976,PA0020168,EAST STROUDSBURG BOROUGH WWTP,0.9385,2.25,0.7064046418073233,True,False,Expired,2,2.0625443793099976,2.223235479774896,1.4368955367183593,True,POTW,PA0029289,BRODHEAD CREEK REGIONAL AUTHORITY WWTP,1.909,4.5,True,POTW,Expired,matchable,partial,EAST STROUDSBURG BOROUGH WWTP,POTW,partial,matchable,partial,partial,matchable,PA,PA,False,PA0020168,EAST STROUDSBURG BOROUGH WWTP,2.0625443793099976,0.9385,0.7064046418073233,70.64046418073232
DRB31,Conshohocken Data Center,Plymouth Township,"Montgomery County, PA",100.0,assumed_100MW_IT,True,False,40.086677,-75.317786,1328558.65386001,704615.4085050136,True,False,proposed,MLP Ventures; 900 Conshohocken Road LLC,https://www.nbcphiladelphia.com/news/local/proposed-data-center-faces-renewed-opposition-in-plymouth-township/4444474/,,,True,193.44272023919243,50 to 200 MW,matchable,0.7795826680357543,PA0026085,MATSUNK STP,2.57,5.5,1.9344272023919242,True,False,Effective,12,0.7795826680357543,7.734489452981033,5.064887410465081,True,POTW,PA0026964,OAKS WWTP,6.729,14.25,True,POTW,Effective,matchable,partial,CLEVELAND CLIFFS CONSHOHOCKEN PLT,NON-POTW,matchable,matchable,matchable,partial,matchable,PA,PA,False,PA0026085,MATSUNK STP,0.7795826680357543,2.57,1.9344272023919242,193.44272023919243
DRB32,Gravel Pike Data Center,Upper Hanover Township,"Montgomery County, PA",100.0,assumed_100MW_IT,True,False,40.4190452,-75.5133896,1328558.65386001,704615.4085050136,False,True,proposed,"Hanover Development, LP",https://www.upperhanovertownship.org/news_detail_T14_R97.php,,,True,66.12429172378621,50 to 200 MW,partial,2.3036576072715182,PA0020532,UPPER MONTGOMERY JOINT AUTHORITY STP,0.8785000000000001,2.0,0.6612429172378621,True,False,Expired,3,2.3036576072715182,8.298693961074935,0.961944733329525,False,POTW,PA0024180,SWAMP CREEK STP,1.278,2.3,True,POTW,Effective,matchable,partial,UPPER MONTGOMERY JOINT AUTHORITY STP,POTW,partial,matchable,partial,partial,partial,PA,PA,False,PA0020532,UPPER MONTGOMERY JOINT AUTHORITY STP,2.3036576072715182,0.8785000000000001,0.6612429172378621,66.12429172378621
DRB33,Linfield Data Center,Limerick Township,"Montgomery County, PA",100.0,assumed_100MW_IT,True,False,40.20092763,-75.57527627,1328558.65386001,704615.4085050136,False,True,proposed,Limerick Town Center LLC,https://limerickpa.org/437/Conditional-Use-Hearings,https://gis.limerickpa.org/publicportal/docdownload.cfm?docsession=8D8FD7B1C948DBB8DD6305469874D02B89C55427,,True,54.26933902430262,50 to 200 MW,partial,3.40092842830679,PA0025437,NORTH COVENTRY STP,0.721,2.01,0.5426933902430262,True,False,Effective,8,3.40092842830679,8.30476165825544,5.064887410465081,True,POTW,PA0026964,OAKS WWTP,6.729,14.25,True,POTW,Effective,matchable,partial,KING ROAD STP,NON-POTW,partial,matchable,partial,partial,matchable,PA,PA,False,PA0025437,NORTH COVENTRY STP,3.40092842830679,0.721,0.5426933902430262,54.26933902430262
DRB34,Project Laurel,Limerick Township,"Montgomery County, PA",625.0,stated_campus_MW_div_PUE,True,False,40.23218123,-75.57349531,8303491.586625063,4403846.303156335,True,False,proposed,MCD 7 LLC,https://www.wgal.com/article/violent-threats-pennsylvania-ai-data-center-heightened-security/71233719,,750.0,True,54.26933902430262,50 to 200 MW,partial,2.83821804006344,PA0025437,NORTH COVENTRY STP,0.721,2.01,0.08683094243888419,True,False,Effective,8,2.83821804006344,9.838943333726787,0.8103819856744129,False,POTW,PA0026964,OAKS WWTP,6.729,14.25,True,POTW,Effective,partial,matchable,LIMERICK GENERATING STATION,NON-POTW,partial,partial,partial,partial,partial,PA,PA,False,PA0025437,NORTH COVENTRY STP,2.83821804006344,0.721,0.08683094243888419,54.26933902430262
DRB37,Lower Mount Bethel Technology Center,Lower Mount Bethel Township,"Northampton County, PA",1000.0,stated_campus_MW_div_PUE,False,False,40.82152787,-75.1017816,13285586.5386001,7046154.085050136,True,True,proposed,Peron Development; J.G. Petrucci Company,https://www.wfmz.com/news/area/lehighvalley/northampton-county/slate-belt/we-will-fight-until-the-end-lower-mt-bethel-residents-pack-data-center-town-hall/article_d2b0dca6-fae7-4c83-bc29-bfbe42761882.html,,1200.0,True,87.76428474665306,50 to 200 MW,partial,5.7595637590254185,PA0028568,BANGOR BORO AUTH WWTP,1.166,1.6,0.08776428474665306,True,False,Expired,2,5.7595637590254185,5.7595637590254185,0.08776428474665306,False,POTW,PA0028568,BANGOR BORO AUTH WWTP,1.166,1.6,True,POTW,Expired,partial,partial,TALEN ENERGY,NON-POTW,partial,partial,partial,partial,partial,PA,PA,False,PA0028568,BANGOR BORO AUTH WWTP,5.7595637590254185,1.166,0.08776428474665306,87.76428474665306
DRB38,Prologis Warehouse Data Center,Allen Township,"Northampton County, PA",100.0,assumed_100MW_IT,True,False,40.7015124,-75.4801445,1328558.65386001,704615.4085050136,True,False,proposed,Prologis,https://www.wfmz.com/news/area/lehighvalley/northampton-county/nazareth-northampton-area/allen-township-considering-creation-of-data-center-overlay-district/article_00461d6f-922b-421e-acbe-d8f18cd1073b.html,,,True,61.34467587351822,50 to 200 MW,partial,1.4142002640154445,PA0031127,NORTHAMPTON BORO/ SEW,0.815,1.5,0.6134467587351822,True,False,Effective,5,1.4142002640154445,7.087851568619184,24.27442695608543,True,POTW,PA0026000,LCA ALLENTOWN DIVISION WWTP,32.25,40.0,True,POTW,Terminated,matchable,partial,NORTHAMPTON BORO/ SEW,POTW,partial,matchable,partial,partial,matchable,PA,PA,False,PA0031127,NORTHAMPTON BORO/ SEW,1.4142002640154445,0.815,0.6134467587351822,61.34467587351822
DRB39,Slate Belt Data Centers,Upper Mount Bethel Township,"Northampton County, PA",100.0,assumed_100MW_IT,False,False,40.905949,-75.08598,1328558.65386001,704615.4085050136,True,True,proposed,River Pointe Logistics,https://www.wfmz.com/news/area/lehighvalley/northampton-county/slate-belt/making-their-case-developers-unveil-website-for-data-center-campus-with-23-buildings-in-umbt/article_3cbc6957-eb54-4e10-82e9-f43c9a3f0325.html,https://www.datacenterdynamics.com/en/news/talen-looks-to-develop-23-building-data-center-campus-in-pennsylvania/,,True,87.76428474665306,50 to 200 MW,partial,7.088144968479235,PA0028568,BANGOR BORO AUTH WWTP,1.166,1.6,0.8776428474665307,True,False,Expired,3,7.088144968479235,7.694313310339537,1.4368955367183593,True,POTW,PA0029289,BRODHEAD CREEK REGIONAL AUTHORITY WWTP,1.909,4.5,True,POTW,Expired,matchable,partial,DSM NUTRITIONAL PRODUCTS INC,NON-POTW,partial,matchable,partial,partial,matchable,PA,PA,False,PA0028568,BANGOR BORO AUTH WWTP,7.088144968479235,1.166,0.8776428474665307,87.76428474665306
DRB40,Kline Township Data Center,Kline Township,"Schuylkill County, PA",100.0,assumed_100MW_IT,True,True,40.87754226,-76.01469842,1328558.65386001,704615.4085050136,True,False,proposed,Amazon Web Services,https://www.republicanherald.com/2026/02/27/community-meeting-to-be-held-for-kline-twp-data-center/,,,True,90.32344913892253,50 to 200 MW,partial,6.134910492649173,PA0026476,COALDALE LANSFORD SUMMIT HLL SEW,1.2,1.65,0.9032344913892254,True,False,Effective,4,6.134910492649173,6.503995822877116,5.555644817453227,True,POTW,PA0026921,GR HAZLETON JT SEW AUTH WWTP,7.381,8.9,False,POTW,Effective,matchable,partial,AQUA/ EAGLE ROCK (LITTLE WASHINGTON WASTEWATER CO),NON-POTW,partial,matchable,partial,partial,matchable,PA,PA,False,PA0026476,COALDALE LANSFORD SUMMIT HLL SEW,6.134910492649173,1.2,0.9032344913892254,90.32344913892253
