npdes_id,name,receiving_water,source
NJ0020184,NEWTON WASTEWATER TREATMENT PLANT,PAULINS KILL,wqp_unavailable
NJ0020923,TRENTON SEWER UTILITY,DELAWARE RIVER,wqp_unavailable
NJ0021598,PENNSVILLE SEWERAGE AUTHORITY,DELAWARE RIVER,wqp_unavailable
NJ0023361,WILLINGBORO WATER POLLUTION CONTROL PLANT,RANCOCAS CREEK,wqp_unavailable
NJ0024821,FRANCIS S. DOYLE JR TREATMENT FACILITY,NORTH BRANCH RANCOCAS CREEK,wqp_unavailable
NJ0029467,MILLVILLE (WTP) CITY OF,MAURICE RIVER,wqp_unavailable
PA0020168,EAST STROUDSBURG BOROUGH WWTP,BRODHEAD CREEK,wqp_unavailable
PA0020460,PENNRIDGE WWTP,EAST BRANCH PERKIOMEN CREEK,wqp_unavailable
PA0020532,UPPER MONTGOMERY JOINT AUTHORITY STP,"PERKIOMEN CREEK, UNNAMED TRIB TO PERKIOMEN CREEK, UNT TO PERKIOMEN CREEK",wqp_unavailable
PA0021580,CATASAUQUA MUN SEW AUTH,LEHIGH RIVER,wqp_unavailable
PA0025437,NORTH COVENTRY STP,SCHUYLKILL RIVER,wqp_unavailable
PA0026000,LCA ALLENTOWN DIVISION WWTP,LEHIGH RIVER,wqp_unavailable
PA0026018,WEST CHESTER TAYLOR RUN STP,TAYLOR RUN,wqp_unavailable
PA0026085,MATSUNK STP,"UNNAMED TRIB TO SCHUYLKILL RIVER, UNT TO SCHUYLKILL RIVER",wqp_unavailable
PA0026476,COALDALE LANSFORD SUMMIT HLL SEW,PANTHER CREEK,wqp_unavailable
PA0026701,MORRISVILLE BOROUGH STP,DELAWARE RIVER,wqp_unavailable
PA0026921,GR HAZLETON JT SEW AUTH WWTP,"BLACK CREEK, CRANBERRY CREEK, HAZLE CREEK, UNNAMED TRIB TO BLACK CREEK, UNT TO BLACK CREEK",wqp_unavailable
PA0028568,BANGOR BORO AUTH WWTP,"MARTINS CREEK, UNNAMED STREAM",wqp_unavailable
PA0031127,NORTHAMPTON BORO/ SEW,HOKENDAUQUA CREEK,wqp_unavailable
