name,developer,county,municipality,address_or_intersection,stated_mw,status,source_url,source_date,record_type,lat,lon,location_confidence,tracker_updated,km_outside_drb
New Castle Data Center,KRNL Data Centers,"Schuylkill County, PA",New Castle Township,By I-81 on the south and West Laurel Street on the north,,preliminary,https://www.republicanherald.com/2026/08/31/for-now-new-castle-twp-ordinance-has-kept-data-center-development-at-bay/,2026-8-31,Data Center,40.77481697,-76.23620462,exact,2026-9-23,0.2
Nebius Butler Township Data Center,Nebius,"Schuylkill County, PA",Butler Township,Highridge Business Park,1200,preliminary,https://www.idcnova.com/news/Nebius-Unveils-Details-for-1.2GW-Data-Center-Campus-in-Pennsylvania,2026-7-28,Data Center,40.7386815,-76.3191425,exact,2026-7-28,1.1
Linde Clinton Data Center,Linde Corporation,"Wayne County, PA",Clinton Township,Off Flat Rock Road,,rejected,"https://www.riverreporter.com/stories/proposed-data-center-in-clinton-township-officially-rejected,276211",2026-9-10,Data Center,41.63476786,-75.44576229,approximate,2026-9-10,1.6
West Hazleton Data Center,One Trinity Real Estate Investments,"Luzerne County, PA",West Hazleton,Behind Valmont Shopping Plaza,,preliminary,https://www.standardspeaker.com/2025/09/13/developer-interested-in-recruiting-data-center-to-west-hazleton/,2025-9-13,Data Center,40.96565469,-76.01156213,exact,2025-12-22,2.5
PNK Valley View Data Center,PNK Group,"Lackawanna County, PA",Archbald Borough,Along Archbald Heights Road,,preliminary,https://www.thetimes-tribune.com/2026/08/02/archbalds-latest-data-center-suitor-distances-itself-from-russian-origins/,2026-8-2,Site Interest,41.47914648,-75.51858421,exact,2026-7-16,2.9
Jessup Sunnyside Data Center,"Sunnyside Road Associates, LLC","Lackawanna County, PA",Jessup Borough,Directly next to Lackawanna Energy Center,,proposed,https://www.pennlive.com/news/2026/07/developer-sues-pa-town-after-it-denies-data-center-plans.html,2026-7-14,Data Center,41.46826509,-75.54760961,approximate,2026-9-23,3.3
Project Triboro,"Triboro Commerce Park, LLC; Sansone Group","Lackawanna County, PA",Olyphant Borough,Triboro Industrial Park,,delayed,https://www.2822news.com/news/data-centers/olyphant-residents-rally-over-proposed-triboro-data-centers/,2026-8-2,Data Center,41.44415192,-75.56713892,approximate,2026-9-15,3.6
Jessup Breaker Street Data Center,Breaker Street Associates LLC,"Lackawanna County, PA",Jessup Borough,Breaker Street near Hill Street,600,delayed,https://www.pennlive.com/news/2026/07/developer-sues-pa-town-after-it-denies-data-center-plans.html,2026-7-14,Data Center,41.47418356,-75.55167722,approximate,2026-9-23,4.0
Project Green Mountain,Green Mountain 6,"Lackawanna County, PA",Archbald Borough,"East side of Casey Highway, at former Stavola Quarry site",,proposed,https://www.thetimes-tribune.com/2026/08/05/project-green-mountain-hearing-canceled-in-archbald/,2026-8-5,Data Center,41.50989356,-75.52445531,exact,2026-9-21,4.2
Project Hazelnut,NorthPoint Development,"Luzerne County, PA",Hazle Township,Humboldt Industrial Park North near PA 924 & I‑81,,rejected,https://www.thecentersquare.com/pennsylvania/article_3b615fd8-5d36-45c4-bfb6-4a3162104f0b.html,2026-6-26,Data Center,40.96611988,-76.04552288,approximate,2026-9-23,5.3
Monroe Township Data Center,Hexa Builders,"Gloucester County, NJ",Monroe Township,Along South Black Horse Pike,,rejected,https://jerseyvindicator.org/2026/08/01/developer-challenges-gloucester-county-data-center-ban-on-free-speech-grounds/,2026-8-1,Data Center,39.63068297,-74.93468954,approximate,2026-9-22,5.7
Dorrance Township Data Center Zoning Ordinance Challenge,Brewster Land Company,"Luzerne County, PA",Dorrance Township,Corner of South Main Rd and Yeager Rd,,preliminary,https://www.citizensvoice.com/2026/08/31/data-center-developer-appeals-dorrance-twp-rejection/,2026-8-31,Zoning Ordinance,41.08587671,-75.95575846,approximate,2026-9-23,6.4
Project Boson,"PDC Realty, LLC","Lackawanna County, PA",Archbald Borough,Eynon Jermyn Road,,proposed,https://www.wnep.com/article/news/local/lackawanna-county/a-brief-reprieve-from-the-year-long-fight-against-data-centers-lackawanna-county-archbald/523-8949aae7-3e74-4350-93c0-d06e53a554d9,2026-7-10,Data Center,41.51204229,-75.55615342,exact,2026-9-23,6.8
Project Gravity,Western Hospitality Partners,"Lackawanna County, PA",Archbald Borough,Between Business Route 6 and Eynon-Jermyn Road,,proposed,https://www.wnep.com/article/news/local/lackawanna-county/a-brief-reprieve-from-the-year-long-fight-against-data-centers-lackawanna-county-archbald/523-8949aae7-3e74-4350-93c0-d06e53a554d9,2026-7-10,Data Center,41.52487025,-75.55982315,exact,2026-9-21,7.3
Archbald I LLC Data Center Campuses,Archbald 1 LLC; Provident Realty,"Lackawanna County, PA",Archbald Borough,Between Business Route 6 and Eynon Jermyn Road,,rejected,https://www.wnep.com/article/news/local/lackawanna-county/a-brief-reprieve-from-the-year-long-fight-against-data-centers-lackawanna-county-archbald/523-8949aae7-3e74-4350-93c0-d06e53a554d9,2026-7-10,Data Center,41.51661739,-75.56512591,exact,2026-9-21,7.6
Sugarloaf Township Data Center,LBT Investment Group LLC,"Luzerne County, PA",Sugarloaf Township,Along Tomhicken Road,,proposed,https://www.timesleader.com/news/1733053/sugarloaf-twp-supervisors-table-ordinance-regulating-datacenters,2026-2-17,Data Center,40.97036803,-76.0721478,exact,2026-9-23,7.6
Blakely AI Data Center,Alpesh “Al” Patel,"Lackawanna County, PA",Blakely Borough,Below Business Route 6 and Terrace Drive,400,withdrawn,https://www.thetimes-tribune.com/2025/10/21/blakely-introduces-ordinance-restricting-regulating-data-centers/,2025-10-21,Data Center,41.48730234,-75.59677116,exact,2026-9-21,7.8
Wildcat Ridge AI Data Center,Cornell Realty Management LLC,"Lackawanna County, PA",Archbald Borough,Business Route 6 & Wildcat Road (Route 247),1600,proposed,https://www.thetimes-tribune.com/2026/09/09/archbald-council-to-decide-wildcat-ridges-fate-as-data-center-hearings-end/,2026-9-9,Data Center,41.50265393,-75.58996376,exact,2026-9-21,8.5
Princeton Nurseries Data Center,WRV Nurseries South Brunswick LLC,"Middlesex County, NJ",South Brunswick Township,"Former Princeton Nurseries site, off Route 1",,proposed,https://www.datacenterdynamics.com/en/news/former-nursery-site-in-new-jersey-could-host-data-center/,2025-3-11,Data Center,40.3616451,-74.60748403,approximate,2026-2-7,8.6
Dickson City Data Centers,Dickson City Development LLC; Kriger Construction Inc,"Lackawanna County, PA",Dickson City,"Above Cold Spring Road, nearby McDonald's",,rejected,https://www.thetimes-tribune.com/2026/04/30/developer-appeals-denial-to-build-four-dickson-city-data-centers/,2026-4-30,Data Center,41.47228006,-75.6389869,approximate,2026-9-22,10.3
South Annville Township Data Center,Inch & Co; Eastern Land & Resources Co,"Lebanon County, PA",South Annville Township,"Along Mt. Pleasant Road, adjacent to 911 Rapid Response",,withdrawn,https://www.wgal.com/article/ai-data-center-plans-withdrawn-south-annville-township/71298129,2026-5-13,Data Center,40.32188693,-76.52813066,exact,2026-9-22,11.9
Mudiita Ransom Township Data Center,Mudiita Group,"Lackawanna County, PA",Ransom Township,Along Red Oak Drive and Ransom Road,750,withdrawn,https://www.wvia.org/news/local/2026-07-27/future-of-ransom-twp-property-uncertain-as-carbon-county-developer-says-no-plans-for-data-center-campus,2026-7-27,Site Advertisement,41.38663332,-75.76165592,approximate,2026-9-22,13.7
Ransom Township Data Center,Scranton Materials LLC,"Lackawanna County, PA",Ransom Township,819 Newton Road,,rejected,https://www.thetimes-tribune.com/2026/03/05/quarry-files-second-legal-challenge-over-ransom-twp-data-centers/,2026-3-5,Data Center,41.4485852,-75.70026061,exact,2026-9-22,14.7
