name,developer,county,municipality,address_or_intersection,stated_mw,status,source_url,source_date,record_type,lat,lon,location_confidence,tracker_updated
Newark White Clay Creek Business Park Data Center,Verdantas; Shelbourne,"New Castle County, DE",Newark,"100 White Clay Creek Business Park, off Ogletown Road",,delayed,https://www.datacenterdynamics.com/en/news/verdantas-proposes-new-data-center-in-newark-delaware/,2025-12-19,Data Center,39.68188899,-75.7238784,exact,2026-9-16
Project Washington,Starwood Digital Ventures,"New Castle County, DE",Delaware City,Off River Road,1200,delayed,https://spotlightdelaware.org/2026/03/26/delaware-city-data-center-environmental-denial-upheld-by-state-board/,2026-03-26,Data Center,39.61185181,-75.6378833,exact,2026-9-16
"St. Georges Business Park Data Center / ""Frightland Project""",Parkway Gravel,"New Castle County, DE",St. Georges,Near Port Penn Road; Frightland (Halloween-themed attraction),,proposed,https://delawarebusinesstimes.com/news/three-sites-data-center-conversions/,2025-12-18,Data Center,39.54430554,-75.64337652,approximate,2026-9-16
Comcast Moorestown,Comcast,"Burlington County, NJ",Moorestown Township,650 Centerton Rd,,proposed,https://www.datacenterdynamics.com/en/news/comcast-to-convert-former-bank-into-data-center-in-new-jersey/,2025-8-11,Data Center,39.98939,-74.8896,exact,2026-9-18
Joint Base McGuire-Dix-Lakehurst,,"Burlington County, NJ",Fort Dix,3021 McGuire Blvd,,proposed,https://www.datacenterdynamics.com/en/news/us-department-of-the-air-force-accepting-proposals-for-ai-data-centers-in-military-bases/,,Data Center,40.01661,-74.608765,approximate,2026-9-18
Tower Gate Project,,"Burlington County, NJ",Mansfield Township,Route 130 and Kinkora Rd,,rejected,https://www.mansfieldtwp.com/sites/g/files/vyhlif8026/f/news/mayor_statement-3-16-26.pdf,,Data Center,40.1186735,-74.751205,exact,2026-9-18
DataOne Vineland,DataOne,"Cumberland County, NJ",Vineland,805 Sheridan Avenue,300,construction,https://www.scottkompa.com/blog/vineland-ai-data-center-housing-market/,2026-4-23,Data Center,39.42766589,-75.0167957,approximate,2026-9-22
Millville Energy & Data Center Campus,A1 Data Center,"Cumberland County, NJ",Millville,Former Wheaton Glass Factory,,rejected,https://www.courierpostonline.com/story/news/politics/2026/05/20/millville-new-jersey-data-center-ban-cran/90176739007/,2026-5-20,Data Center,39.4088032,-75.0332377,uncertain,2026-05-20
American Tower Mount Royal,American Tower,"Gloucester County, NJ",East Greenwich Township,114 Mantua Road,4,withdrawn,https://www.datacenterdynamics.com/en/news/american-tower-withdraws-plans-for-data-center-in-new-jersey/,2026-6-29,Data Center,39.79936564,-75.19931475,approximate,2026-9-22
Andover Data Center,"Abbey Beta, LLC","Sussex County, NJ",Andover Township,293 US Route 206 and 248 Stickles Pond Rd,,proposed,https://ecode360.com/AN2011/document/753256148.pdf,2026-5-12,Data Center,41.03259839,-74.76603349,exact,2026-9-22
Cumru Titus,Titus Development Co.,"Berks County, PA",Cumru Township,Likely Poplar Neck Road,200,preliminary,https://berksweekly.com/news/titus-station-redevelopment-project-in-berks-county-planned-as-ai-infrastructure-campus/,2026-5-19,Site Interest and Advertisement,40.30604668,-75.91162467,uncertain,2026-05-23
AWS Keystone Trade Center Campus,Amazon Web Services,"Bucks County, PA",Falls Township,Keystone Trade Center (former U.S. Steel Fairless Works),,proposed,https://6abc.com/post/residents-voice-frustration-amazon-data-center-falls-township/19509947/,2026-7-15,Data Center,40.16092786,-74.7577123,exact,2026-9-23
Quakertown Data Center Park,Arrow Real Estate Services,"Bucks County, PA",Richland Township,Route 309 and Rich Hill Road,1000,preliminary,https://www.arrowrealestateservices.com/property/quakertown-pa-data-center-park/,,Site Advertisement,40.41121767,-75.34561374,approximate,2026-05-23
Sellersville / West Rockhill Township Data Center,National Land Developers,"Bucks County, PA",West Rockhill Township,"215 Cathill Rd, next to former Teva Pharmaceutical building",,preliminary,https://www.phillyburbs.com/story/business/real-estate/2026/04/17/west-rockhill-data-center-zoning-regulations-cathill-road-protest-ai/89623313007/,2026-4-17,Data Center,40.34879997,-75.32982269,exact,2026-4-18
Keel Infrastructure Panther Creek,T5; Keel Infrastructure,"Carbon County, PA",Nesquehoning Borough,4 Dennison Rd,350,proposed,https://www.tnonline.com/20260224/nesquehoning-planners-ok-bitfarms-complex/,2026-2-24,Data Center,40.85810449,-75.86678277,exact,2026-9-23
NorthPoint Spring Mountain Data Center,NorthPoint Development,"Carbon County, PA",Banks Township; Packer Township,Spring Mountain area,,proposed,https://www.tnonline.com/20260110/no-action-on-northpoint-development-plan-in-weatherly-area/,2026-1-10,Data Center,40.91668696,-75.92819869,approximate,2026-4-15
Penn Forest Township Data Center,Mele Brothers Realty,"Carbon County, PA",Penn Forest Township,460 Maury Rd,,preliminary,https://www.tnonline.com/20260304/penn-forest-oks-data-ordinance/,2026-3-4,Zoning Ordinance,40.90018884,-75.66877208,approximate,2026-9-23
East Brandywine Data Center,500 ER-EBY Trust,"Chester County, PA",East Brandywine Township,500 E Reeceville Road,,preliminary,https://www.ebrandywine.org/m/newsflash/home/detail/237,2026-5-11,Zoning Challenge,40.02715476,-75.78690503,exact,2026-5-14
North Coventry Mall Data Center,PGOB Coventry Holdings; Pennmark Management Company Inc.,"Chester County, PA",North Coventry Township,351 W. Schuylkill Road,,rejected,https://www.thecooldown.com/green-tech/north-coventry-township-pennsylvania-opposes-data-center/,2026-9-9,Data Center,40.23541132,-75.66262445,approximate,2026-9-10
North Coventry Township Data Center,Envision Land Use,"Chester County, PA",North Coventry Township,299 W. Schuylkill Rd,,withdrawn,https://www.pottsmerc.com/2026/04/01/data-center-discussion-dominates-friel-town-hall-in-north-coventry/,2026-4-1,Data Center,40.23595694,-75.65857193,exact,2026-3-21
Pennhurst Data Center,Pennhurst Holdings LLC,"Chester County, PA",East Vincent Township,1205 Commonwealth Dr,,rejected,https://www.inquirer.com/news/pennsylvania/pennhurst-data-center-rejected-east-vincent-20260522.html,2026-5-22,Data Center,40.19431755,-75.56108097,exact,2026-9-22
Sentinel Green Fig East Whiteland,"Sentinel Green Fig, LLC","Chester County, PA",East Whiteland Township,13 South Bacton Hill Rd,290,proposed,https://youtu.be/U7olb-nzL4E?si=vCRlwGbX6-G6aNlM,2026-4-17,Data Center,40.03918189,-75.58675747,approximate,2026-9-23
Project Gold,NE Edge Data Centers,"Lackawanna County, PA",Clifton Township; Covington Township,Near I‑380 at Clifton Beach Road,1500,proposed,https://www.thetimes-tribune.com/2026/04/07/firm-tied-to-project-gold-data-center-campus-buys-200-plus-acres-in-covington-twp/,2026-4-7,Data Center,41.25171332,-75.51721079,exact,2026-9-23
Allentown Warehouse Conversion Data Center,Quantm LLC,"Lehigh County, PA",Allentown,2401 W Emaus Avenue,,delayed,https://www.mcall.com/2026/08/06/allentown-is-facing-pressure-including-a-legal-challenge-from-data-center-developers-for-speedy-review-and-approval-emails-reveal/,2026-8-6,Data Center,40.56743843,-75.47433818,exact,2026-9-23
Atlas Industrial / South Whitehall Township Hyperscale Data Center Campus,CDE Acquisitions LLC; Edged,"Lehigh County, PA",South Whitehall Township,2493 N. Cedar Crest Blvd; across the street from Parkland High School,725,proposed,https://www.wfmz.com/news/area/lehighvalley/lehigh-county/allentown-area/project-atlas-under-the-microscope-long-awaited-public-meeting-happens-tomorrow/article_ee2d979d-97eb-4743-b096-2ff66b0c4f74.html,2026-9-21,Data Center,40.64345138,-75.53658984,exact,2026-9-23
Former Air Products Headquarters Data Center,Air Products,"Lehigh County, PA",Upper Macungie Township,7300 Centronia Rd,,withdrawn,https://www.wfmz.com/news/area/lehighvalley/developer-ends-data-center-project-at-air-products-former-upper-macungie-headquarters/article_95bff4b5-da43-44fc-afe4-ee1872c84cd4.html,2026-8-11,Data Center,40.55415027,-75.59980631,exact,2026-9-23
Smithfield Gateway Project,DEPG Moiser Assoc LP,"Monroe County, PA",Smithfield Township,Off Seven Bridge Rd and Independence Rd,,proposed,https://www.poconorecord.com/story/news/local/2026/03/31/proposed-data-center-buildings-smithfield-township/89392885007/,2026-3-31,Data Center,41.00617471,-75.15065763,approximate,2026-9-23
Tobyhanna Township / Blakeslee Data Center,Undisclosed Developer,"Monroe County, PA",Tobyhanna Township,Pennsylvania Glacial Till property along Caughbaugh Road,,preliminary,https://www.wnep.com/article/news/local/monroe-county/monroe-county-community-opposes-possible-data-center-tobyhanna-township/523-89076aa8-a890-44ec-b175-b56eb13c104b,2026-4-16,Zoning Ordinance,41.13227151,-75.61026733,exact,2026-9-15
3200 Horizon Drive Data Center,MLP Ventures,"Montgomery County, PA",Upper Merion Township,3200 Horizon Drive,,rejected,https://whyy.org/articles/upper-merion-board-king-of-prussia-data-center/,2026-8-14,Data Center,40.08705063,-75.33861848,exact,2026-08-14
600 River Road Data Center,MLP Ventures; Innovation River Run LLC,"Montgomery County, PA",Upper Merion Township,600 River Road,,rejected,https://whyy.org/articles/upper-merion-board-king-of-prussia-data-center/,2026-8-14,Data Center,40.0939398,-75.32503398,exact,2026-08-14
Conshohocken Data Center,MLP Ventures; 900 Conshohocken Road LLC,"Montgomery County, PA",Plymouth Township,900 Conshohocken Road,,proposed,https://www.nbcphiladelphia.com/news/local/proposed-data-center-faces-renewed-opposition-in-plymouth-township/4444474/,2026-8-7,Data Center,40.086677,-75.317786,exact,2026-9-16
Gravel Pike Data Center,"Hanover Development, LP","Montgomery County, PA",Upper Hanover Township,"Off Gravel Pike Road, Southeast of Ziegler Road",,proposed,https://www.upperhanovertownship.org/news_detail_T14_R97.php,2026-6-19,Data Center,40.4190452,-75.5133896,exact,2026-9-16
Linfield Data Center,Limerick Town Center LLC,"Montgomery County, PA",Limerick Township,1301 Main Street,,proposed,https://gis.limerickpa.org/publicportal/docdownload.cfm?docsession=8D8FD7B1C948DBB8DD6305469874D02B89C55427,2026-4-17,Data Center,40.20092763,-75.57527627,exact,2026-9-16
Project Laurel,MCD 7 LLC,"Montgomery County, PA",Limerick Township,"Across from Philadelphia Premium Outlets, near the Limerick Nuclear Power Plant",750,proposed,https://www.wgal.com/article/violent-threats-pennsylvania-ai-data-center-heightened-security/71233719,2026-5-7,Data Center,40.23218123,-75.57349531,exact,2026-9-22
Renaissance Boulevard Data Center Campus,MLP Ventures,"Montgomery County, PA",Upper Merion Township,"2100, 2201, 2301, 2501, 2701, 2901 Renaissance Boulevard",,rejected,https://whyy.org/articles/upper-merion-board-king-of-prussia-data-center/,2026-8-14,Data Center,40.08265474,-75.3410236,exact,2026-08-14
Swedeland Discovery Center Data Center Campus,MLP Ventures,"Montgomery County, PA",Upper Merion Township,411 Swedeland Road,,rejected,https://whyy.org/articles/upper-merion-board-king-of-prussia-data-center/,2026-8-14,Data Center,40.07589993,-75.33279859,exact,2026-08-14
Lower Mount Bethel Technology Center,Peron Development; J.G. Petrucci Company,"Northampton County, PA",Lower Mount Bethel Township,Around Depue Ferry Road,1200,proposed,https://www.wfmz.com/news/area/lehighvalley/northampton-county/slate-belt/we-will-fight-until-the-end-lower-mt-bethel-residents-pack-data-center-town-hall/article_d2b0dca6-fae7-4c83-bc29-bfbe42761882.html,2026-4-9,Data Center,40.82152787,-75.1017816,uncertain,2026-9-23
Prologis Warehouse Data Center,Prologis,"Northampton County, PA",Allen Township,2500 Liberty Drive,,proposed,https://www.wfmz.com/news/area/lehighvalley/northampton-county/nazareth-northampton-area/allen-township-considering-creation-of-data-center-overlay-district/article_00461d6f-922b-421e-acbe-d8f18cd1073b.html,2026-7-30,Data Center,40.7015124,-75.4801445,exact,2026-08-16
Slate Belt Data Centers,River Pointe Logistics,"Northampton County, PA",Upper Mount Bethel Township,River Rd,,proposed,https://www.datacenterdynamics.com/en/news/talen-looks-to-develop-23-building-data-center-campus-in-pennsylvania/,,Data Center,40.905949,-75.08598,uncertain,2026-9-23
Kline Township Data Center,Amazon Web Services,"Schuylkill County, PA",Kline Township,"""Devils Mountain"", bounded by Rt-309, I-81, and the villages of Lofty and Haddock",,proposed,https://www.republicanherald.com/2026/02/27/community-meeting-to-be-held-for-kline-twp-data-center/,2026-2-27,Data Center,40.87754226,-76.01469842,exact,2026-9-23
